Column1;#N/A Requesting Data...;#N/A Requesting Data..._1;#N/A Requesting Data..._2;#N/A Requesting Data..._3;#N/A Requesting Data..._4;#N/A Requesting Data..._5;#N/A Requesting Data..._6;#N/A Requesting Data..._7;#N/A Requesting Data..._8;#N/A Requesting Data..._9;#N/A Requesting Data..._10;#N/A Requesting Data..._11;#N/A Requesting Data..._12;#N/A Requesting Data..._13;#N/A Requesting Data..._14;Colonne1
;CUR_MKT_CAP;CURR_ENTP_VAL;NET_INCOME_FIRM;SALES_REV_TURN;NET_REV;GROSS_PROFIT;EBIT;EBITDA;NET_DEBT;CURRENT_EV_TO_T12M_EBIT;CURRENT_EV_TO_T12M_EBITDA;PX_TO_SALES_RATIO;TRAIL_12M_NET_SALES;CURRENT_EV_TO_12M_SALES;PE_RATIO;Datetime of data import
A UN Equity;42074751038;43410,75104;1282,066176;6319;#N/A N/A;3407;1347;1714;1336;32,14611087;25,3271593;6,701897942;6319;6,869876727;37,44496135;01/02/2022 15:45
AAL UW Equity;10668073490;44389,07349;#N/A N/A;29882;#N/A N/A;#N/A N/A;-1059;1276;33721;#N/A N/A;34,78767515;0,35583912;29882;1,485478666;#N/A N/A;
AAP UN Equity;14435847027;17475,69503;528,5282965;10106,321;#N/A N/A;4481,614;749,907;1525,993;2675,079;18,13031338;10,50939525;1,375407454;10966,145;1,593604227;20,13140015;
AAPL UW Equity;2,85231E+12;2772513,898;96973,1552;365817;#N/A N/A;152836;108949;121933;-53994;23,71636227;21,62343741;7,645103223;378323;7,328430727;28,97438321;
ABBV UN Equity;2,42005E+11;310504,1569;#N/A N/A;45804;#N/A N/A;30417;11363;18026;78584;18,70168987;12,23179661;4,39438887;55169;5,62823609;15,68511604;
ABC UN Equity;28476006419;34095,35242;1666,834257;213988,843;#N/A N/A;6943,228;2354,197;3030,037;5258,289;14,06469769;11,25245415;0,13110353;213988,843;0,159332384;15,18088966;
ABMD UW Equity;13461342366;12604,89137;#N/A N/A;847,522;#N/A N/A;685,615;229,557;257,754;-841,664;86,74721874;70,71904222;13,76604805;973,635;12,94621841;57,42466012;
ABT UN Equity;2,25386E+11;234252,8571;4986,378019;43075;#N/A N/A;24538;8425;9013;12697;27,80449342;19,52107142;5,261681875;43075;5,438255533;29,5559144;
ACN UN Equity;2,33113E+11;231531,2595;5952,728878;50533,389;#N/A N/A;16364,128;7621,529;10254,286;-4665,834;28,3560187;22,11996858;4,17264692;53736,357;4,308651952;37,59662183;
ADBE UW Equity;2,52029E+11;250904,31;4917,510254;15785;#N/A N/A;13920;5802;6709;-1125;42,90429378;37,39816813;16,16184529;15785;15,89510991;53,46197439;
ADI UW Equity;86209901687;91350,17069;#N/A N/A;7318,286;#N/A N/A;4525,012;1692,201;2817,634;5140,269;53,67180264;32,4208789;8,940837061;7318,286;12,48245432;25,61376517;
ADM UN Equity;41958094500;50554,0945;2927,766979;85249;#N/A N/A;5987;2829;3825;8596;17,59308949;13,21675673;0,496473235;85249;0,593016862;14,94574992;
ADP UW Equity;86600732285;88285,23229;2644,653293;15005,4;#N/A N/A;6365,1;3324,6;3993,1;860,8;24,84415409;21,00129223;5,551076827;15696,6;5,624481243;32,18207122;
ADSK UW Equity;54947159832;56184,85983;#N/A N/A;3790,4;#N/A N/A;3453,3;629,1;854,3;247,4;83,66457537;62,10330478;13,02782951;4214;13,33290456;101,8491346;
AEE UN Equity;22665083134;35841,08313;1227,068798;5794;#N/A N/A;4519;1300;2453;11437;26,60807954;13,94594674;3,650392053;6177;5,802344687;23,23036593;
AEP UW Equity;45530111601;82045,0116;3343,801561;14918,5;#N/A N/A;10548,8;2987,7;6037,6;33792,4;24,87871053;13,29654667;2,758635744;16341,2;5,02074582;19,61255262;
AES UN Equity;14787712727;37476,71273;624,557377;9660;#N/A N/A;2693;2528;3632;18848;13,00371712;9,507030119;1,34938504;10931;3,428479803;18,72703473;
AFL UN Equity;41557202718;43531,20272;#N/A N/A;22147;#N/A N/A;#N/A N/A;#N/A N/A;#N/A N/A;2901;7,84628744;#N/A N/A;1,90417985;22583;1,927609384;10,8840001;
AIG UN Equity;47949686862;78096,68686;#N/A N/A;43736;#N/A N/A;#N/A N/A;#N/A N/A;#N/A N/A;35707;9,937229528;#N/A N/A;1,04579764;47646;1,639102692;12,61265393;
AIZ UN Equity;8689517890;8863,51789;531,5771201;10094,8;#N/A N/A;#N/A N/A;#N/A N/A;#N/A N/A;47,3;9,675273321;#N/A N/A;0,89462876;10167,8;0,871724256;25,87924171;
AJG UN Equity;32930490000;38944,09;1128,23934;8209,4;#N/A N/A;7036,2;1217,4;1783,7;5961,9;31,59851063;21,83331838;3,894568109;8209,4;4,743841206;28,9009677;
AKAM UW Equity;18612074378;18705,12638;621,0218796;3198,149;#N/A N/A;2065,477;658,534;1311,987;280,037;25,91886484;14,86514679;5,485641599;3402,152;5,49802783;30,75890392;
ALB UN Equity;25821352435;27622,58944;438,2263564;3128,909;#N/A N/A;994,853;505,812;771,7;3405,159;28,75857302;22,20552854;7,525088633;3312,9;8,337888085;52,77791923;
ALGN UW Equity;39029115032;37887,81503;#N/A N/A;2471,941;#N/A N/A;1763,235;387,171;508,534;-874,663;39,11234431;35,32327465;10,40303762;3756,005;10,08726427;52,26982826;
ALK UN Equity;6859505966;7829,505966;566,9125596;6176;#N/A N/A;#N/A N/A;685;1481;970;11,42993572;5,286634684;1,1096818;6176;1,267730888;#N/A N/A;
ALL UN Equity;34593197867;43886,19787;5830,802127;44791;#N/A N/A;#N/A N/A;#N/A N/A;#N/A N/A;7959;5,322765054;#N/A N/A;0,74448159;48539;0,904143016;7,17507347;
ALLE UN Equity;11008373143;12030,47314;358,2818008;2719,9;#N/A N/A;1178,8;403,5;528,7;1043,1;22,45868371;18,20592183;3,850985615;2885,5;4,169285442;21,80481297;
AMAT UW Equity;1,22703E+11;122996,7936;6093,223453;23063;#N/A N/A;10914;6889;7362;294;17,84175741;16,70698092;5,447789643;23063;5,333078679;20,53173492;
AMCR UN Equity;18413358465;24878,35846;1058,527242;12861;#N/A N/A;2732;1321;1895;5997;18,55209431;12,77779069;1,405395924;13184;1,887011413;19,68349115;
AMD UW Equity;1,37969E+11;134943,4945;#N/A N/A;9763;#N/A N/A;4347;1369;1740;-1718;44,81683643;39,80634056;9,325754982;14852;9,085880318;50,81633043;
AME UN Equity;31638342954;34108,75195;941,8127604;4540,029;#N/A N/A;1543,514;1027,884;1327,657;1374,024;27,38268763;21,65800058;6,017889128;5241,716;6,507172833;34,46413879;
AMGN UW Equity;1,2794E+11;152598,217;8391,157015;25424;#N/A N/A;19265;9139;12929;22798;20,78145404;14,17935486;5,063125096;25767;5,922234524;14,39316921;
AMP UN Equity;34049190211;29833,19021;#N/A N/A;13443;12640;#N/A N/A;4153;2960;-4216;8,905429914;#N/A N/A;2,653488189;13443;2,219236049;17,2309537;
AMT UN Equity;1,14537E+11;157679,4448;#N/A N/A;8041,5;#N/A N/A;#N/A N/A;2887,5;5747;34965,5;49,58940931;24,59590766;12,49595856;9034,2;17,45361458;45,25346891;
AMZN UW Equity;1,51712E+12;1567656,891;22782,97307;386064;#N/A N/A;152757;22899;53169;16108;53,48780878;23,39751483;3,294904484;457965;3,423093229;58,51858315;
ANET UN Equity;38198421830;34873,56883;634,557;2317,512;#N/A N/A;1481,886;699,684;767,666;-2782,698;40,85522286;38,57405508;13,70271504;2772,06;12,58038023;53,26680056;
ANSS UW Equity;29666875530;29465,50353;443,5393771;1681,297;#N/A N/A;1456,033;496,356;606,449;29,507;55,22486628;44,32342465;15,73553107;1874,734;15,71716496;62,9616802;
ANTM UN Equity;1,07035E+11;97105,74497;6717,729968;138639;#N/A N/A;25099;8744;10046;-9997;11,0729557;9,666110389;0,778016638;138639;0,700421562;17,76603408;
AON UN Equity;60908690315;69513,69031;2242,297363;11066;#N/A N/A;#N/A N/A;2781;3383;7733;38,00639164;32,13762844;5,200216001;12078;5,755397443;30,34232167;
AOS UN Equity;12163167835;11750,76783;490,4480339;3538,9;#N/A N/A;1310,9;609,5;687,4;-412,4;19,22640306;17,09451242;3,459942072;3538,9;3,320457723;25,85785628;
APA UW Equity;12064338141;20762,33814;#N/A N/A;4212;#N/A N/A;807;-4637;-2716;8773;12,73763076;6,811790729;1,797559778;6989;2,970716575;12,99108192;
APD UN Equity;62541589386;65508,28939;2214,727455;10323;#N/A N/A;3136,9;2281,4;3692,2;2418,4;28,59636542;17,74234586;6,056287686;10323;6,345857734;31,28784845;
APH UN Equity;47597031169;51232,63117;1682,546205;10876,3;#N/A N/A;3401,8;2105,1;2500,7;3558,5;24,27315451;20,48731602;4,375372963;10876,3;4,710483452;31,4936375;
APTV UN Equity;36946821241;38814,82124;1963,88741;13066;#N/A N/A;1940;2118;2989;1680;28,2289609;17,71557336;2,352254126;15696;2,472911649;43,88223888;
ARE UN Equity;31163358612;42437,58461;#N/A N/A;2114,15;#N/A N/A;#N/A N/A;465,398;1286,459;8430,518;87,72746405;32,98790293;13,54981451;2114,15;20,07311904;51,16634165;
ATO UN Equity;14228655511;21585,69051;733,4386485;3407,49;#N/A N/A;2374,773;904,998;1425,324;7357,035;23,67976091;15,14440963;4,070386093;3407,49;6,334777361;20,77907;
ATVI UW Equity;61553322014;55442,32201;#N/A N/A;8086;#N/A N/A;5826;2734;3255;-4752;17,47866394;15,11101717;6,768778889;9054;6,1235169;22,779832;
AVB UN Equity;34128925380;41764,58838;#N/A N/A;2301,261;#N/A N/A;#N/A N/A;698,086;1443,031;7528,84;72,3278996;31,11382743;15,14495506;2249,453;18,56655302;85,9818544;
AVGO UW Equity;2,41895E+11;273741,6004;8612,919438;27450;#N/A N/A;16844;8519;14662;28110;32,04987457;18,67014052;8,746780559;27450;9,972371598;37,15955133;
AVY UN Equity;17007868660;19999,66866;609,0289841;6971,5;#N/A N/A;1923,3;809,2;1077,6;2024,8;18,72277538;15,44137481;2,086905679;8216;2,434234258;22,80911905;
AWK UN Equity;29191269878;40261,26988;1012,089827;3777;#N/A N/A;#N/A N/A;1248;1852;10462;32,49497165;21,55314233;7,480971172;3902;10,31811119;38,28571501;
AXP UN Equity;1,36843E+11;155843,02;#N/A N/A;43663;42380;#N/A N/A;11972;7937;19000;14,57975676;#N/A N/A;3,245757876;43663;3,569223828;18,00000073;
AZO UN Equity;40987132495;47630,32849;2328,796759;14629,585;#N/A N/A;7717,785;2944,527;3723,319;7197,942;15,44540155;13,25724231;2,840791582;15144,229;3,145114122;19,31871208;
BA UN Equity;1,1674E+11;160289,8729;#N/A N/A;62286;#N/A N/A;3017;-2902;-451;43397;#N/A N/A;#N/A N/A;1,889710635;62286;2,573449458;#N/A N/A;
BAC UN Equity;3,72711E+11;#N/A N/A;#N/A N/A;93851;89113;#N/A N/A;#N/A N/A;#N/A N/A;-9196;#N/A N/A;#N/A N/A;4,174436943;93851;#N/A N/A;12,89083175;
BAX UN Equity;42779247599;46006,2476;1233,447368;11673;#N/A N/A;4587;1616;2554;3074;26,54717115;17,7561743;3,461637107;12451;3,694984146;28,58304268;
BBWI UN Equity;14450524685;18998,52469;1182,527473;11847;#N/A N/A;4667;1580;2845;5585;6,660070821;5,773572878;1,211742358;12840,94;1,479527565;8,684731646;
BBY UN Equity;23882885953;24402,88595;1837,333614;47262;#N/A N/A;10573;2391;3991;-1412;7,464939111;5,917285634;0,479694604;52333;0,466300154;9,409437319;
BDX UN Equity;72440922052;90700,92205;2529,621766;20248;#N/A N/A;9427;2799;5204;15785;32,28903126;17,42907803;3,630944374;20247;4,479500299;18,83186697;
BEN UN Equity;16052916620;20804,11662;#N/A N/A;8425,5;8425,5;#N/A N/A;1875;2380,6;3231;11,02518115;8,739022356;1,808581062;8654,4;2,46918481;7,411588765;
BF/B UN Equity;31480685914;32757,68591;970,6623497;3461;#N/A N/A;2094;1166;1284;1478;30,90347728;28,78531275;8,91014063;3623;9,041591475;42,14743809;
BIIB UW Equity;33197752912;37345,45291;4179,358197;13444,6;#N/A N/A;11639,4;4550,1;5287,2;4529,2;19,42041233;14,49689566;3,070305544;11100,5;3,364303672;32,24568357;
BIO UN Equity;17944234061;16843,50006;3823,221959;2545,626;#N/A N/A;1437,822;410,957;591,457;-753,927;30,20226301;23,25839912;5,999925421;2979,615;5,652911554;38,09450487;
BK UN Equity;47653632700;#N/A N/A;#N/A N/A;16158;15931;#N/A N/A;#N/A N/A;#N/A N/A;-85900;#N/A N/A;#N/A N/A;3,120389815;16158;#N/A N/A;14,1254347;
BKNG UW Equity;1,00857E+11;96738,25741;96,04409171;6796;#N/A N/A;#N/A N/A;-631;19;-2283;64,70786449;50,07156181;10,93763874;9215;10,49791182;85,65364672;
BKR UW Equity;28482720000;31356,72;#N/A N/A;20536;#N/A N/A;4049;1310;2415;2874;23,39104997;12,98414907;1,098209007;20536;1,526914686;21,41907666;
BLK UN Equity;1,25814E+11;128422,2133;#N/A N/A;19374;19374;#N/A N/A;8291;7025;-645;15,4893515;14,77645994;6,465909067;19374;6,628585388;21,77435693;
BLL UN Equity;31450258682;38624,25868;1106,214286;13811;#N/A N/A;2726;1291;1991;7174;29,67262206;19,39942676;2,29123765;13811;2,796630127;32,01955286;
BMY UN Equity;1,44033E+11;174238,7598;#N/A N/A;42518;#N/A N/A;30745;-9185;1385;35409;#N/A N/A;47,7759144;3,187078933;45468;3,832118409;20,68296806;
BR UN Equity;18561559987;22711,15999;592,640046;4993,7;#N/A N/A;1422,9;678,7;1066,8;3916,4;32,28768835;19,96585493;3,44166681;5373,9;4,226196987;31,76432895;
BRK/B UN Equity;6,99264E+11;328104,2509;45691,99095;286256;#N/A N/A;94326;59050;71049;-334809;#N/A Field Not Applicable;#N/A Field Not Applicable;#N/A Field Not Applicable;346046;#N/A Field Not Applicable;#N/A Field Not Applicable;
BRO UN Equity;18719250889;20022,15089;637,1281856;3051,4;#N/A N/A;#N/A N/A;827,8;980,7;1302,9;23,98147861;20,41618323;5,995207698;3051,433;6,561627741;30,81735684;
BSX UN Equity;61132177263;68647,17726;#N/A N/A;9913;#N/A N/A;6448;-80;1135;7880;67,90027425;32,62698539;5,322079994;11469;5,985454465;46,6197443;
BWA UN Equity;10513970409;13656,97041;542,936722;10165;#N/A N/A;1910;618;1215;2305;11,50545106;6,825072668;0,689260138;15109;0,90389638;10,9160328;
BXP UN Equity;17545546676;32847,22168;#N/A N/A;2888,621;#N/A N/A;#N/A N/A;968,04;1685,376;12892,899;33,53488979;19,4895511;6,057923625;2888,621;11,37124658;42,88167361;
C UN Equity;1,29215E+11;256180,4826;#N/A N/A;79865;71884;#N/A N/A;35450;33164;107270;9,287048453;#N/A N/A;1,658496198;79865;3,207668974;6,613605761;
CAG UN Equity;16674293130;26067,69313;1671,866901;11184,7;#N/A N/A;3179,2;1776,2;2214,9;9151,4;17,28856157;13,7487833;1,49192866;11222,8;2,322744157;15,3558318;
CAH UN Equity;14531807263;17725,80726;#N/A N/A;162467;#N/A N/A;6778;472;1374;3308;11,73117622;7,853702819;0,089555158;167370;0,105907912;11,96488067;
CARR UN Equity;41318769558;49172,76956;2191,382837;17456;#N/A N/A;5109;2876;3212;7915;15,52660864;13,99737249;2,062276609;20074;2,44957505;35,33508697;
CAT UN Equity;1,09032E+11;110436,1889;6873,380302;50971;#N/A N/A;15003;6878;9230;1372;16,02721832;11,96491754;2,151542909;50971;2,166647484;18,60134235;
CB UN Equity;84976639718;98959,63972;3971,017299;35994;#N/A N/A;#N/A N/A;#N/A N/A;#N/A N/A;14026;9,411282902;#N/A N/A;2,186427001;40328;2,453869265;16,68944874;
CBOE UF Equity;12640392064;13668,29206;495,636917;1254,3;#N/A N/A;#N/A N/A;662,2;840,9;1010,7;18,85337672;15,0052608;9,12119996;1392,7;9,814240011;25,52609728;
CBRE UN Equity;33915038860;36188,88586;804,7868983;23826,195;#N/A N/A;4778,575;969,759;1673,259;2318,322;24,3020816;18,12453873;1,30256416;26106,32;1,386211686;20,3741322;
CCI UN Equity;78844320000;105561,32;#N/A N/A;6340;#N/A N/A;#N/A N/A;2001;3645;26717;47,50692782;28,96058162;12,43601224;6340;16,65005047;60,18202483;
CCL UN Equity;22304174984;47772,17498;#N/A N/A;1908;#N/A N/A;1449;-7090;-4654;25468;#N/A N/A;#N/A N/A;11,77164293;1908;25,03782756;#N/A N/A;
CDAY UN Equity;11473937725;12272,93773;#N/A N/A;842,5;#N/A N/A;341,3;7,8;64,6;524,1;#N/A N/A;705,3412486;11,72211796;964,9;12,71938825;#N/A N/A;
CDNS UW Equity;42164231740;41497,79774;610,0123305;2682,891;#N/A N/A;2377,393;645,552;830,936;-433,803;54,00630637;45,40319933;13,99587082;2975,117;13,94829102;58,22314896;
CDW UW Equity;25658438443;29638,93844;#N/A N/A;18467,5;#N/A N/A;3210,1;1179,2;1657,8;2711,6;20,99223631;18,20014642;1,308938679;20240,1;1,464367194;26,92078526;
CE UN Equity;16952279742;20921,27974;1967,641459;8537;#N/A N/A;2682;1946;2308;3621;10,72464305;9,064679264;2,02582094;8537;2,450659452;8,486395564;
CERN UW Equity;26649627422;27703,65842;802,9680573;5505,788;#N/A N/A;4572,847;914,567;1648,99;398;41,34787993;20,01324776;4,823611813;5707,534;4,85387532;37,65125399;
CF UN Equity;14770923553;20422,92355;484,0151188;4124;#N/A N/A;801;612;1611;3540;28,52363625;12,79631802;2,903339973;5100;4,004494814;22,79250834;
CFG UN Equity;21936492177;#N/A N/A;#N/A N/A;6986;6647;#N/A N/A;#N/A N/A;#N/A N/A;-2468;#N/A N/A;#N/A N/A;3,136103627;6986;#N/A N/A;9,634016185;
CHD UN Equity;25061829770;27384,12977;835,1297186;5190,1;#N/A N/A;2263,5;1079,1;1298,2;2322,3;25,19924093;21,09392218;4,8443173;5190,1;5,276223921;33,87788829;
CHRW UW Equity;13603187898;15438,8609;#N/A N/A;16207,106;#N/A N/A;1169,39;673,268;861,446;1184,251;15,41567572;13,06582046;0,661524357;21149,742;0,729978687;18,16320004;
CHTR UW Equity;1,17104E+11;209423,6757;8016,060113;51682;#N/A N/A;27462;10526;20194;92320;19,80640676;10,37058907;2,105760432;51682;4,052158889;21,06594167;
CI UN Equity;76380845027;106508,845;9581,222488;160401;#N/A N/A;24207;8153;11145;22049;13,7555011;10,01399446;0,468794081;170102;0,62614693;15,11399978;
CINF UW Equity;18987243794;18806,24379;1259,805203;7536;#N/A N/A;#N/A N/A;#N/A N/A;#N/A N/A;-1;5,8898352;#N/A N/A;2,10777369;9001;2,089350494;19,45516328;
CL UN Equity;69492874573;76233,87457;2838,509734;17421;#N/A N/A;10375;3332;3888;6379;22,70061826;19,60747803;3,998972527;17421;4,375975809;25,82385684;
CLX UN Equity;20623743901;23822,7439;789,09;7341;#N/A N/A;3199;927;1211;2867;35,29295393;26,76712798;2,895236268;7231;3,29452965;29,07627327;
CMA UN Equity;12154180000;#N/A N/A;#N/A N/A;3024;2967;#N/A N/A;#N/A N/A;#N/A N/A;-20080;#N/A N/A;#N/A N/A;4,15274526;3024;#N/A N/A;11,16486147;
CMCSA UW Equity;2,284E+11;321626,463;17260,83596;116385;#N/A N/A;77935;20817;34621;91309;15,33069726;9,289924122;1,975110727;116385;2,763470061;16,59654938;
CME UW Equity;82482140957;84952,94096;2233,807942;4883,6;#N/A N/A;#N/A N/A;2637,4;3154,6;2337,9;33,32512694;28,36681613;17,71376214;4640,9;18,30527289;39,64830314;
CMG UN Equity;41797396445;44264,31245;#N/A N/A;5984,634;#N/A N/A;1041,081;290,164;858,988;2205,449;57,97301812;40,37289064;5,803500072;7194,138;6,152830603;67,72409753;
CMI UN Equity;31592874586;33891,87459;1866,459367;19811;#N/A N/A;4894;2269;3114;755;11,93375866;9,653054567;1,342419767;24001;1,412102603;14,62850563;
CMS UN Equity;18650717904;31965,7179;1231,691525;6680;#N/A N/A;4172;1362;2420;15045;23,69586205;12,9730998;2,588794807;7164;4,461993007;22,59496687;
CNC UN Equity;45373187992;53340,18799;2278,981608;111115;#N/A N/A;21548;3082;4682;5937;41,98966714;17,58660995;0,371904356;121702;0,438285221;18,65803304;
CNP UN Equity;17834632216;35065,63222;#N/A N/A;7418;#N/A N/A;5673;1039;2239;13368;26,72685382;13,46089528;1,99403781;8092;4,333370269;20,86510782;
COF UN Equity;60731547000;86916,547;#N/A N/A;32033;30435;#N/A N/A;17407;10113;21340;5,479413306;#N/A N/A;2,022694772;32033;2,713343958;5,432423425;
COO UN Equity;19634559360;21285,25936;#N/A N/A;2922,5;#N/A N/A;1955,8;505,8;859,2;1650,5;41,42209124;24,77334655;6,73023834;2922,5;7,283236736;7,307945968;
COP UN Equity;1,16885E+11;126042,0714;#N/A N/A;18784;#N/A N/A;87;-2329;3513;9554;19,16989678;9,308180441;3,136125896;36199;3,481921361;24,97439089;
COST UW Equity;2,23991E+11;221167,0517;5137,016317;195929;#N/A N/A;25245;6708;8785;-1748;31,72673241;25,18986921;1,102350027;203084;1,089042227;42,01555946;
CPB UN Equity;13312675177;18522,67518;1160,443114;8476;#N/A N/A;2811;1545;1940;5223;12,68676382;8,824523667;1,595383123;8372;2,212455229;15,42855287;
CPRT UW Equity;30656608584;29891,63158;953,3967978;2692,511;#N/A N/A;1343,091;1136,426;1287,812;-530,191;24,54251649;21,78736401;10,51001629;2909,703;10,27308684;32,48019525;
CRL UN Equity;16641140214;19636,32021;434,9224407;2923,933;#N/A N/A;1073,541;432,729;698,945;1930,606;35,41621294;23,24163188;4,824736352;3426,1;5,73139144;39,858596;
CRM UN Equity;2,29141E+11;234087,55;#N/A N/A;21252;#N/A N/A;15814;455;4509;-5557;255,2754089;43,64048285;8,737846183;24983;9,369873514;117,2396126;
CSCO UW Equity;2,34794E+11;222137,1569;10937,59131;49818;#N/A N/A;31894;12833;15094;-11824;16,19601637;13,84808659;4,624363034;50789;4,373725746;20,01693481;
CSX UW Equity;75899392324;89949,39232;4332,379923;12522;#N/A N/A;#N/A N/A;5594;7014;14050;16,00451801;12,82426466;6,147238221;12522;7,183308763;23,04294931;
CTAS UW Equity;40614415481;43123,16748;1195,695821;7116,34;#N/A N/A;3314,651;1385,492;1844,443;2222,887;29,49395061;22,43452222;5,495034501;7431,948;5,80240436;36,84188625;
CTLT UN Equity;18614296700;21919,2967;#N/A N/A;3998;#N/A N/A;1352;828;1146;2363;23,86163368;#N/A N/A;3,986036604;4483,3;4,889098811;44,81733059;
CTRA UN Equity;17817350294;18718,43829;245,5410129;1440,438;#N/A N/A;390,65;295,476;691,779;1027,43;38,3513256;21,57593333;5,332415091;1639,589;11,41654298;16,15822341;
CTSH UW Equity;44867003118;44132,00312;1407,938931;16652;#N/A N/A;5981;2114;2961;-944;17,24580036;14,06821904;2,520503008;17914;2,463548237;23,48137287;
CTVA UN Equity;35111237360;34940,23736;#N/A N/A;14217;#N/A N/A;5710;720;2094;-2161;16,9366153;10,59437155;2,313724452;15383;2,271353921;35,87842961;
CTXS UW Equity;12733679132;15698,84113;#N/A N/A;3217,17;#N/A N/A;2592,093;236,62;593,606;2965,162;66,64589793;26,44656747;3,948300065;3217,17;4,879705186;39,63198412;
CVS UN Equity;1,40599E+11;206726,4476;9321,610747;268706;#N/A N/A;49046;13911;20967;74188;15,32669392;11,46950996;0,491746152;285061;0,725200738;16,39246654;
CVX UN Equity;2,53163E+11;278856,9917;16141,22386;155606;#N/A N/A;41469;15492;33392;25694;17,87421762;8,351011971;1,61719068;155606;1,792070947;15,51872111;
CZR UW Equity;16276756319;29790,75632;#N/A N/A;3474;#N/A N/A;1706;-437;197;12879;24,31898475;12,79876179;1,909064648;8383;3,553710643;#N/A N/A;
D UN Equity;65334600000;108523,6;895;14172;#N/A N/A;10987;2055;4959;37412;36,93791695;19,19412805;4,795071773;13605;7,976743844;27,50143496;
DAL UN Equity;25402148436;48698,14844;1179,798995;29899;#N/A N/A;#N/A N/A;1886;3884;23296;22,22991427;12,53814326;0,845385045;29900;1,62875509;#N/A N/A;
DD UN Equity;39686754297;49681,7543;#N/A N/A;14338;#N/A N/A;4830;-2428;840;13492;19,99221629;11,07237671;2,767689997;16132;3,079702101;25,14868371;
DE UN Equity;1,16005E+11;119251,1969;6739,426204;44024;#N/A N/A;14908;8595;10761;3243;13,86817595;11,08179508;2,663394856;44024;2,708776959;19,88673195;
DFS UN Equity;33336000000;35327;#N/A N/A;13221;12087;#N/A N/A;8198;3785;1991;5,00099094;#N/A N/A;2,627017003;13221;2,672036911;6,515315833;
DG UN Equity;48306171954;61910,69495;2772,334115;33746,839;#N/A N/A;10718,862;3554,765;5509,002;12213,865;18,78227398;11,50554102;1,455524248;33983,525;1,821785555;20,41919645;
DGX UN Equity;16563547580;20266,54758;1556,469214;9437;#N/A N/A;3633;1971;2632;3497;7,676722568;6,666627494;1,576581169;11046;1,834740864;8,98100123;
DHI UN Equity;31778503794;34347,20379;4175,8;27774,2;#N/A N/A;7875;5332,8;5406,7;2239;6,440744786;6,352711228;1,158898368;27774,2;1,236658618;7,757023225;
DHR UN Equity;2,0434E+11;227207,85;6631,813635;29453;#N/A N/A;17952;7465;9633;19590;30,33566077;23,5864061;6,934410416;29453;7,714251519;31,90602382;
DIS UN Equity;2,60272E+11;316297,2106;3566,508005;67418;#N/A N/A;22287;3005;8969;42354;102,3919099;35,26560493;3,851777292;67418;4,691584007;90,27650691;
DISCA UW Equity;18425955473;31881,95547;1727,125;10671;#N/A N/A;6811;2515;3990;14217;16,00499773;9,396391239;1,171757356;11890;2,681409207;12,79441238;
DISCK UW Equity;18425955473;31881,95547;1727,125;10671;#N/A N/A;6811;2515;3990;14217;16,00499773;9,396391239;1,148246661;11890;2,681409207;12,53769923;
DISH UW Equity;16604077498;28660,9565;1772,124964;15493,435;#N/A N/A;5459,707;2582,615;3369,03;11939,659;8,239084296;6,673770952;0,919964365;17991,813;1,59299991;7,430362739;
DLR UN Equity;43402480744;60132,16674;#N/A N/A;3903,609;#N/A N/A;#N/A N/A;557,526;1697,463;14664,928;83,19613095;28,58749524;9,594030989;4379,324;13,73092439;91,24549259;
DLTR UW Equity;29518734062;38587,43406;#N/A N/A;25509,3;#N/A N/A;7788,3;1887,9;4125,7;8223,2;20,15851743;12,78957743;1,162076833;26008,5;1,483647041;22,16554075;
DOV UN Equity;24464432391;27203,34439;1209,112823;7907,081;#N/A N/A;2969,786;1281,508;1571,631;2738,912;21,14483425;17,30898945;3,09269568;7907,081;3,440377605;24,38691877;
DOW UN Equity;44177168829;57898,16883;6885,837937;54968;#N/A N/A;10777;7881;10723;13147;7,273947803;5,399437548;0,80792041;54968;1,053306812;6,668437274;
DPZ UN Equity;16543248163;21547,56416;643,6647553;4117,411;#N/A N/A;1594,493;725,642;835,359;4174,93;26,58698716;23,45476492;3,970503569;4370,727;4,929972557;34,61334001;
DRE UN Equity;22005530334;25720,27033;#N/A N/A;1105,923;#N/A N/A;#N/A N/A;347,054;709,202;3619,53;74,11028351;36,26649436;19,72519336;1105,923;23,25683645;81,36492377;
DRI UN Equity;17864710702;22958,7107;#N/A N/A;7196,1;#N/A N/A;1493,5;648,7;1384,2;4543;23,07176234;16,96247558;2,120020771;8590,4;2,672600892;22,17849625;
DTE UN Equity;23333499648;40989,49965;2009,820546;12177;#N/A N/A;6317;1986;3505;19136;23,7070559;12,55805749;1,661337854;14010;2,925731595;16,18720657;
DUK UN Equity;80791140000;150131,14;#N/A N/A;23868;#N/A N/A;17357;4553;10322;64123;34,27651598;15,05224985;3,251647804;24636;6,093973859;15,81654814;
DVA UN Equity;11042903000;23615,699;1005,331756;11550,604;#N/A N/A;3561,991;1694,636;2866,161;10848,912;13,19588506;9,611739936;1,009595953;11580,152;2,039325477;12,37100488;
DVN UN Equity;34235890000;38827,89;#N/A N/A;4989;#N/A N/A;553;-2854;-1552;2316;48,41382793;14,46642697;3,375433892;9015;4,307031614;21,03326254;
DXC UN Equity;7587343585;11561,34359;-229,5902141;17729;#N/A N/A;3643;1060;3624;4000;#N/A N/A;5,981036516;0,453652356;16841;0,686499827;9,795384551;
DXCM UW Equity;41722997196;40908,5972;#N/A N/A;1926,7;#N/A N/A;1280,1;299,5;385;-859,4;110,803351;89,02850315;17,91116919;2319,2;17,63909848;208,4248263;
EA UW Equity;37517328250;37740,32825;874,0353982;5629;#N/A N/A;4135;1046;1314;-4212;34,6878017;27,13179601;5,956178453;6396;5,900614173;42,80147474;
EBAY UW Equity;37604047125;41148,04712;5893,69883;10271;#N/A N/A;7798;2711;3506;4203;14,12565984;11,97208238;3,655748582;11060;3,720438257;15,11587023;
ECL UN Equity;54290176311;59749,77631;-946,6472361;11790,2;#N/A N/A;4884,4;1395,7;2208,4;5852,5;36,72389448;23,67265306;4,357815143;12433,8;4,805431671;43,38014747;
ED UN Equity;30581578227;54893,57823;2045,680713;12246;#N/A N/A;9963;2654;4659;23646;20,54159565;11,61277305;2,253558433;13221;4,151998958;21,45441772;
EFX UN Equity;29251084195;32711,4842;628,8418564;4127,5;#N/A N/A;2390,1;676,6;1075,9;2693,8;30,99733175;21,60171974;6,097736651;4789,2;6,830260627;34,90203665;
EIX UN Equity;23854439394;55158,43939;#N/A N/A;13578;#N/A N/A;8646;1217;3404;24060;33,42935721;14,05310558;1,617036234;14731;3,74437848;11,68945933;
EL UN Equity;1,12228E+11;117100,998;3019,317022;16215;#N/A N/A;12381;2618;3739;3159;41,11692345;33,21071979;6,638339933;17045;6,870108417;45,46578824;
EMN UN Equity;15988982381;20688,98238;675,445283;10476;#N/A N/A;2500;1281;1819;4700;16,06599292;11,37382209;1,531468768;10476;1,974893316;13,38865016;
EMR UN Equity;54774561117;59693,56112;2435,651786;18236;#N/A N/A;7563;3066;4230;4879;19,38003846;14,11195298;3,021212734;18236;3,273391156;22,59514027;
ENPH UQ Equity;18951151571;18600,06457;#N/A N/A;774,425;#N/A N/A;345,981;186,439;209,874;-328,763;77,94469337;68,92001442;15,05154665;1234,169;15,07092187;95,52461778;
EOG UN Equity;65225831082;66549,83108;#N/A N/A;11004,841;#N/A N/A;4868,98;-544,016;3249,337;3423,566;16,3848767;8,672992439;3,968981555;16297,547;4,083426241;17,51769815;
EPAM UN Equity;27006450822;25965,59082;#N/A N/A;2659,478;#N/A N/A;926,956;379,324;515,938;-1115,749;52,48989165;38,67034644;7,952572717;3374,173;7,695394048;64,72435799;
EQIX UW Equity;65270865880;78953,31688;661,1664106;5998,545;#N/A N/A;2924,205;1052,928;2693,596;12313,938;69,09467301;27,04707874;9,99101012;6493,274;12,15924615;113,9972417;
EQR UN Equity;33275189378;42401,79738;#N/A N/A;2571,705;#N/A N/A;#N/A N/A;786,183;1632,793;8330,795;68,02223684;29,42442122;13,60995672;2432,302;17,43278482;130,7911195;
ES UN Equity;30808615986;49806,16199;1624,042445;8904,43;#N/A N/A;5916,59;1988,734;3158,893;17439,588;25,21534786;15,26166285;3,198853098;9615,105;5,179991481;23,9983325;
ESS UN Equity;21641703808;27988,71381;#N/A N/A;1495,748;#N/A N/A;#N/A N/A;426,474;958,282;6283,36;75,24758051;31,63309999;15,11289412;1431,033;19,55839859;72,97844228;
ETN UN Equity;63150198000;71940,198;1530,75315;17858;#N/A N/A;5450;2045;2854;7398;23,78188364;18,36614705;3,236307254;19517;3,686027463;28,48776798;
ETR UN Equity;22463679677;47341,37868;#N/A N/A;10113,636;#N/A N/A;7644,997;1769,195;4094,416;22468,15;28,58457847;12,09120978;1,968941236;11390,541;4,156201069;12,66729703;
ETSY UW Equity;19914719425;21419,69542;389,3791746;1725,625;#N/A N/A;1260,88;424,009;488,045;-531,685;44,18089969;39,14453792;8,908221124;2229,33;9,608131333;44,06800349;
EVRG UN Equity;14745477622;25526,97762;948,0011051;4913,4;#N/A N/A;3814,4;1143,9;2125,3;10263,4;18,67782075;10,94544963;2,669182284;5559;4,592008926;18,01439518;
EW UN Equity;68177326963;67400,82696;837,5919057;5232,5;#N/A N/A;3983,6;1690,3;1035,3;-776,5;39,82088323;#N/A N/A;13,00782166;5232,5;12,88119006;49,15294305;
EXC UW Equity;56693515757;95372,51576;3336,596228;33039;#N/A N/A;18935;2823;9594;39534;40,13994771;8,923326699;1,626616324;34833;2,73799316;24,02789672;
EXPD UW Equity;19393349543;18032,49754;696,14;10116,481;#N/A N/A;2927,691;940,437;1088,832;-1089,602;11,50319311;11,12868454;1,341556914;14455,082;1,247484971;16,93491174;
EXPE UW Equity;27773500769;33681,50077;#N/A N/A;5199;#N/A N/A;3519;-2719;-1492;5468;#N/A N/A;59,93149603;3,754915118;7239;4,65278364;#N/A N/A;
EXR UN Equity;26536016635;32679,51063;#N/A N/A;1356,212;#N/A N/A;#N/A N/A;666,14;919,293;5900,664;38,00256839;29,80747135;17,47255379;1503,469;21,73607213;41,61842139;
F UN Equity;81123702511;75433,70251;#N/A N/A;127144;#N/A N/A;5785;-4408;3498;-7216;56,20991245;9,916353689;0,601062271;134615;0,560366248;12,01405185;
FANG UW Equity;22856981102;30283,9811;#N/A N/A;3056;#N/A N/A;985;-5226;-3922;5711;27,93725194;13,12699658;4,665159981;4678;6,473702672;14,62814399;
FAST UW Equity;32617338176;33017,93818;932,4287962;6010,9;#N/A N/A;2777,2;1217,4;1388,1;400,6;27,12168406;23,78642618;5,420380165;6010,7;5,493010726;35,3729798;
FB UW Equity;8,71414E+11;826557,986;29146;85965;#N/A N/A;69273;32671;40924;-50777;17,48182633;14,6990679;7,908303158;112330;7,358301308;22,35974374;
FBHS UN Equity;12782103363;15117,40336;617,6207991;6090,3;#N/A N/A;2164,4;801,4;1009,5;2332,1;14,22011416;12,0832894;1,783955518;7353,1;2,055922449;16,62087671;
FCX UN Equity;54656584266;65077,58427;4727,29782;22845;#N/A N/A;8815;8366;10364;1382;7,766885519;6,279195703;2,395767721;22845;2,848657661;12,47617601;
FDS UN Equity;15946243411;16092,92241;#N/A N/A;1591,445;#N/A N/A;805,045;474,041;581,317;148,242;32,94341083;27,42067919;9,838989713;1627,965;9,885299998;38,16216079;
FDX UN Equity;65145362424;95141,36242;5852,543752;83959;#N/A N/A;17954;5857;12498;29375;16,41217223;9,814458678;0,732304471;89552;1,062414714;13,90785419;
FE UN Equity;22843847213;45892,84721;1956,73605;10790;#N/A N/A;7720;2162;3404;22981;24,20508819;13,29071741;2,066955518;11009;4,168666292;19,85543722;
FFIV UW Equity;12609231821;12325,11182;#N/A N/A;2603,416;#N/A N/A;2110,27;394,025;557,442;-328,107;30,81802491;22,64546584;4,715578633;2665,899;4,62324785;28,13363315;
FIS UN Equity;73023744347;91601,74435;374,6541353;12552;#N/A N/A;4204;552;4476;18661;119,4286106;19,48144286;5,484632497;13521;6,774775856;49,06097978;
FISV UW Equity;69786514790;90830,51479;1548,328779;14852;#N/A N/A;7040;1852;5260;20374;39,99582333;16,59004836;4,471336135;15801;5,748402936;34,80493003;
FITB UW Equity;30472382140;#N/A N/A;#N/A N/A;8329;7888;#N/A N/A;#N/A N/A;#N/A N/A;-24484;#N/A N/A;#N/A N/A;3,762239899;8328;#N/A N/A;11,6260353;
FLT UN Equity;19346377721;23766,75572;#N/A N/A;2388,855;#N/A N/A;#N/A N/A;972,265;1247,766;3490,123;19,868497;16,16708018;7,45920355;2648,814;8,972602728;23,85132956;
FMC UN Equity;13989562503;17236,1625;671,5158537;4642,1;#N/A N/A;2052;902,2;1104,4;2875,6;18,87446617;15,40456029;2,979987479;4783,8;3,603027406;17,1334263;
FOX UW Equity;22276001423;25638,00142;2447,942084;12909;#N/A N/A;#N/A N/A;2730;3156;2566;#N/A Field Not Applicable;#N/A Field Not Applicable;#N/A Field Not Applicable;13237;#N/A Field Not Applicable;#N/A Field Not Applicable;
FOXA UW Equity;22276001423;25638,00142;2447,942084;12909;#N/A N/A;#N/A N/A;2730;3156;2566;9,667421351;8,652717321;1,800511319;13237;1,936843803;14,59829897;
FRC UN Equity;31082943292;#N/A N/A;#N/A N/A;5305;5034;#N/A N/A;#N/A N/A;#N/A N/A;-7470;#N/A N/A;#N/A N/A;5,797296127;5304,457;#N/A N/A;22,63233329;
FRT UN Equity;9917382208;14507,75321;#N/A N/A;835,494;#N/A N/A;#N/A N/A;191,407;452,38;3637,536;60,96898634;28,66940931;10,70230433;916,583;15,82808454;62,54138988;
FTNT UW Equity;48598677580;46566,27758;488,5;2594,4;#N/A N/A;2024,4;531,8;619,1;-1784,2;76,78998247;66,08895484;15,50514016;3126,6;14,89358331;89,82222917;
FTV UN Equity;25294067572;27235,46757;1756,333561;4634,4;#N/A N/A;2608,5;539,4;983,4;2606,6;34,31888555;22,30404354;4,656787172;5203,3;5,234268171;37,93582688;
GD UN Equity;59223162243;69115,16224;3581,302568;38469;#N/A N/A;6325;4163;5053;9892;16,42974254;13,67804517;1,545748564;38469;1,796645669;18,36363689;
GE UN Equity;1,03752E+11;85732,99585;#N/A N/A;74196;#N/A N/A;18017;3676;6279;-19321;22,47827816;#N/A N/A;1,401395564;74129;1,155493502;#N/A N/A;
GILD UW Equity;86151060291;107001,0603;175,472139;24689;#N/A N/A;20117;4071;5722;24207;9,20122627;7,884537638;3,137616771;27482;3,893496117;8,768397651;
GIS UN Equity;41428236156;53921,33616;2673,33535;18127;#N/A N/A;6448,3;3144,8;3878,8;11501,2;17,86125283;14,92838764;2,257067637;18607,5;2,897828088;18,34904552;
GL UN Equity;10330174718;12173,63672;802,5310889;4737,921;#N/A N/A;#N/A N/A;#N/A N/A;#N/A N/A;1827,957;11,81839927;#N/A N/A;2,096286367;5044,45;2,413273343;14,86813189;
GLW UN Equity;34893200000;40001,2;2144,548185;14082;#N/A N/A;5063;2112;3593;4896;18,72540463;11,13309212;2,470630328;14082;2,840590825;35,60108236;
GM UN Equity;76556593303;84135,5933;7284,375911;122485;#N/A N/A;24946;6634;19766;-4773;7,959095005;3,695831026;0,582154759;130938;0,64256055;6,897470924;
GNRC UN Equity;17815346576;18346,37058;376,2490168;2485,2;#N/A N/A;957,654;479,106;566,527;293,815;25,59807478;22,98822116;5,147790205;3431,195;5,346933233;34,3347875;
GOOG UW Equity;1,79888E+12;1684737,565;40382,06341;182527;#N/A N/A;97795;41224;57188;-109922;#N/A Field Not Applicable;#N/A Field Not Applicable;#N/A Field Not Applicable;239210;#N/A Field Not Applicable;#N/A Field Not Applicable;
GOOGL UW Equity;1,79888E+12;1684737,565;40382,06341;182527;#N/A N/A;97795;41224;57188;-109922;23,2441717;19,42620427;7,586479119;239210;7,042922809;30,78689877;
GPC UN Equity;18974849486;21283,42249;11,26048612;16537,433;#N/A N/A;5654,841;414,943;1001,1;2747,012;20,08326656;15,79013074;1,046766386;18318,895;1,161828947;20,64678312;
GPN UN Equity;43487832030;52684,70803;868,8697168;7423,558;#N/A N/A;3772,831;893,953;2637,493;8258,316;40,84462678;17,78022462;5,358720927;8259,974;6,378314027;35,99623439;
GPS UN Equity;6747396619;12064,39662;#N/A N/A;13800;#N/A N/A;4705;-862;684;5266;12,88931263;8,413107824;0,410321765;16569;0,728130643;9,962987361;
GRMN UN Equity;23928709337;20762,37734;992,324;4186,573;#N/A N/A;2481,336;1054,24;1210,849;-2882,427;16,28719392;14,5687705;4,830612841;4942,61;4,200690999;21,06505655;
GS UN Equity;1,23923E+11;200799,2047;#N/A N/A;64989;59339;#N/A N/A;32694;34709;67000;7,399236726;5,785220108;1,915589879;64989;3,089741414;5,85857905;
GWW UN Equity;25508090470;27842,09047;769,1446674;11797;#N/A N/A;4238;1019;1277;2031;19,8164345;17,54385033;2,057137958;12604;2,208988454;27,2142735;
HAL UN Equity;27515870021;34705,87002;#N/A N/A;15295;#N/A N/A;1545;1800;2704;7175;18,842828;12,8350111;1,793657155;15295;2,269099053;14,19666668;
HAS UW Equity;12757329867;15986,22987;363,3085012;5465,443;#N/A N/A;3746,555;501,814;857,419;3857,376;20,38186305;14,05976136;2,078391395;6129,971;2,607880179;18,85829876;
HBAN UW Equity;21783706410;#N/A N/A;#N/A N/A;6080;5991;#N/A N/A;#N/A N/A;#N/A N/A;1528;#N/A N/A;#N/A N/A;3,1162444;6080;#N/A N/A;13,22186966;
HCA UN Equity;74661023140;111966,0231;8185,643649;58752;#N/A N/A;#N/A N/A;9678;12531;34883;11,4565585;8,935122747;1,325445269;58752;1,905739773;13,7226972;
HD UN Equity;3,83215E+11;423600,8932;13886,76228;132110;#N/A N/A;44853;18278;21566;35593;18,99725954;16,75371354;2,639836867;147699;2,868001091;24,39927385;
HES UN Equity;28584695047;35738,69505;846,3087248;7473;#N/A N/A;4210;1890;3418;6428;18,69647979;10,45602547;3,803115799;7473;4,782375893;43,0846946;
HIG UN Equity;24461195480;29352,19548;1930,364151;20523;#N/A N/A;#N/A N/A;#N/A N/A;#N/A N/A;4334;10,202362;#N/A N/A;1,160812065;21902;1,34016051;13,47267837;
HII UN Equity;7499418826;10463,41883;793,9555556;9361;#N/A N/A;1670;799;1101;1395;14,99057138;10,64437317;0,786105622;9604;1,089485509;13,13369165;
HLT UN Equity;40445303275;48823,30328;#N/A N/A;4307;#N/A N/A;3687;-418;42;8410;101,2931603;71,06739924;8,350413897;4842;10,0832927;145,9332098;
HOLX UW Equity;17651518646;19625,81865;1945,619656;5632,3;#N/A N/A;3795,8;2480,3;2917,3;1974,3;7,90803715;6,727391302;3,207460203;5632,3;3,484512303;9,358361693;
HON UW Equity;1,40769E+11;151172,7299;5069,50815;32637;#N/A N/A;10468;5696;6912;7992;23,77677413;20,03614711;4,106924509;34635;4,364738846;27,22316106;
HPE UN Equity;21121873681;31749,87368;3703,109005;27784;#N/A N/A;9376;1132;3901;10582;27,32544666;8,138906353;0,769245034;27784;1,142739479;10,86839322;
HPQ UN Equity;39768399592;44247,39959;6722,912395;63487;#N/A N/A;13417;5302;6322;4479;8,279974961;6,998955962;0,696606051;63487;0,696952126;9,703177227;
HRL UN Equity;25755795479;28578,59348;943,8000858;11386,189;#N/A N/A;1927,906;1122,599;1372,998;2817,32;25,43155781;20,81473788;2,256393226;11386,189;2,509934929;27,35086732;
HSIC UW Equity;10442183224;12705,36422;437,3015091;10119,141;#N/A N/A;2814,343;535,303;807,641;581,233;15,11747478;11,29115798;0,868173774;12236,224;1,038340277;16,91211764;
HST UW Equity;12381372414;17584,37241;#N/A N/A;1620;#N/A N/A;#N/A N/A;-953;-288;3816;#N/A N/A;107,221783;5,691378215;2159;8,144683842;#N/A N/A;
HSY UN Equity;40597154677;44630,80568;1409,637299;8149,719;#N/A N/A;3701,269;1782,698;2122,152;3677,087;22,43131667;19,04045423;4,625042033;8830,453;5,054192087;28,31940868;
HUM UN Equity;50449709218;44949,70922;3569,591087;77155;#N/A N/A;15527;4986;5602;-10247;16,39901832;13,14318983;0,626922199;81072;0,554441845;17,10558658;
HWM UN Equity;13282207060;17021,20706;#N/A N/A;5259;#N/A N/A;1381;626;1031;3603;20,70706455;14,74974615;2,727225878;4925;3,456082652;34,82868539;
IBM UN Equity;1,19786E+11;167770,6227;6868,390738;57351;#N/A N/A;31486;6253;12669;47890;26,83042104;13,24260974;1,690566894;70786;2,925330382;14,82810932;
ICE UN Equity;71360793198;85361,7932;2361,073753;6036;#N/A N/A;#N/A N/A;3033;3852;16343;25,48874088;19,48009886;10,20727207;6977;12,23474175;29,56081758;
IDXX UW Equity;43015797338;43715,06634;610,9051938;2706,655;#N/A N/A;1571,04;694,524;815,022;510,199;47,62342563;41,82483476;13,81208949;3135,208;13,94327468;57,88057682;
IEX UN Equity;16380225283;16878,40328;413,718074;2351,646;#N/A N/A;1027,424;520,713;633,659;129,562;27,24041714;22,7478487;6,13828031;2664,824;6,333777872;35,57326847;
IFF UN Equity;33579839448;45364,83945;472,9324535;5084,239;#N/A N/A;2085,866;566,484;953,468;4076,239;88,49897376;28,33473104;2,775083476;9895,073;4,584588658;43,31971049;
ILMN UW Equity;54520566000;55792,566;693,5514019;3239;#N/A N/A;2203;580;840;-1566;#N/A N/A;311,6903128;12,02185019;4280;13,03564626;1762,260127;
INCY UW Equity;16418799636;14193,30064;#N/A N/A;2666,702;#N/A N/A;2535,374;-263,676;-199,369;-1739,658;22,20228735;20,00115644;5,613982663;2912,923;4,872528603;26,55526834;
INFO UN Equity;46608596412;51285,89641;1404,791234;4658,1;#N/A N/A;2949,8;1561,4;2147,9;4664,3;32,84609736;23,87722725;9,993597104;4658,1;11,01004624;73,11992815;
INTC UW Equity;1,98795E+11;202660,04;20414,52334;79024;#N/A N/A;43815;19456;32046;3865;10,40962477;6,324035449;2,50749801;79024;2,564537862;10,71190733;
INTU UW Equity;1,57223E+11;156479,7579;2085,395149;9633;#N/A N/A;7950;2500;2922;-1390;62,69475704;52,49237098;14,66714613;10317;15,1671763;77,39587812;
IP UN Equity;18685447904;22960,4479;855,8461538;19363;#N/A N/A;5531;1168;2378;4275;19,4657138;9,655360767;0,865251292;21779;1,1857898;9,924940707;
IPG UN Equity;13994061940;16885,56194;539,0442569;9061;#N/A N/A;8064,5;588,4;1181,7;2666,8;14,04438322;11,37304637;1,413911169;9858,6;1,71277483;14,43896689;
IPGP UW Equity;8234618986;6756,437986;#N/A N/A;1200,724;#N/A N/A;538,996;185,744;288,095;-1328,873;19,55361263;15,31978311;5,756031777;1433,023;4,714814756;31,71868608;
IQV UN Equity;46785573795;57706,57379;616,1789474;11359;#N/A N/A;3859;731;2227;11158;47,33927301;22,00021876;3,464730774;13536;4,263192508;55,81393514;
IR UN Equity;22910331771;24445,53177;#N/A N/A;4910,2;#N/A N/A;1613,4;85,7;636,3;2307,8;41,85162091;23,60290796;4,278366011;5484,6;4,457122082;33,75426527;
IRM UN Equity;13296112948;24753,07795;735,6297685;4147,27;#N/A N/A;2389,928;934,785;1992,193;10793,088;22,85467705;11,24054683;3,022485234;4391,597;5,636463899;22,9359622;
ISRG UW Equity;1,0152E+11;92900,07116;#N/A N/A;5710,1;#N/A N/A;3958,5;1821;1347;-8619,5;50,94599967;#N/A N/A;17,72555583;5710,1;16,26942981;63,14140296;
IT UN Equity;24169222649;26693,40365;361,3239749;4099,403;#N/A N/A;2754,379;490,15;811,038;2130,379;28,92650057;21,96816187;5,607767696;4540,439;5,879035848;42,74517016;
ITW UN Equity;73422979192;78987,97919;2269,670858;12574;#N/A N/A;5199;2882;3374;5746;22,4015823;20,06298684;5,184700225;14251;5,542627127;28,4316489;
IVZ UN Equity;10450792000;19158,592;#N/A N/A;6894,5;6894,5;#N/A N/A;2297,2;1353,3;7524,8;8,298095742;#N/A N/A;1,520959108;6894,5;2,77882254;8,178311683;
J UN Equity;16852240227;20354,67023;521,0200664;14092,632;#N/A N/A;3043,772;688,089;1086,556;2809,912;28,59272983;18,73319942;1,202688711;14092,632;1,444348382;23,71826833;
JBHT UW Equity;20219374958;21165,05496;542,1855128;12168,302;#N/A N/A;1500,525;1045,53;1602,623;945,68;20,16209171;13,20650893;1,672301846;12168,302;1,739359769;26,76904824;
JCI UN Equity;51059893553;60028,89355;1774,596021;23668;#N/A N/A;8059;2559;3788;7778;23,24692874;15,84712079;2,199244268;23668;2,536289232;27,53343954;
JKHY UW Equity;12424825580;12503,95458;312,3648968;1758,225;#N/A N/A;694,826;398,719;585,312;110,222;30,02718096;20,76416969;7,003605921;1794,48;6,968009997;39,44758745;
JNJ UN Equity;4,5357E+11;456497,1318;14893,27587;93775;#N/A N/A;63920;23647;26964;10081;19,3046531;15,06889588;4,854392688;93775;4,868004605;20,67347278;
JNPR UN Equity;11322806355;11913,80635;332,6514329;4735,4;#N/A N/A;2740,1;387,5;624,9;591;30,15081055;19,06514059;2,384295514;4735,4;2,51590285;33,73406636;
JPM UN Equity;4,39153E+11;#N/A N/A;#N/A N/A;127202;121649;#N/A N/A;#N/A N/A;#N/A N/A;-534337;#N/A N/A;#N/A N/A;3,531128951;127202;#N/A N/A;9,610965847;
K UN Equity;21490736589;29739,73659;1475,308557;13770;#N/A N/A;4727;1761;2375;7677;16,44896935;13,05519604;1,514560683;14225;2,090666896;15,72104184;
KEY UN Equity;23276981000;#N/A N/A;#N/A N/A;7561;7265;#N/A N/A;#N/A N/A;#N/A N/A;11890;#N/A N/A;#N/A N/A;3,135545684;7561;#N/A N/A;9,54380514;
KEYS UN Equity;30853991248;30824,99125;963,9267327;4941;#N/A N/A;3069;1080;1424;-29;28,37456391;21,64676352;6,302343234;4941;6,238613894;34,33842843;
KHC UW Equity;43820720104;65668,7201;844,576699;26185;#N/A N/A;9177;2128;3259;25499;13,05541155;11,029345;1,667540664;26272;2,49957065;12,1001416;
KIM UN Equity;14954544687;22859,16769;#N/A N/A;1057,893;#N/A N/A;#N/A N/A;326,128;625,454;5158,911;64,64187358;32,92400225;9,235548578;1209,372;18,90168425;43,27714718;
KLAC UW Equity;58668961570;59395,85557;2216,75087;6918,734;#N/A N/A;4146,569;2488,48;2860,715;1051,306;18,68761375;16,71443715;7,269366776;8165,712;7,2738122;21,01859147;
KMB UN Equity;46349056783;54902,05678;2014,88809;19440;#N/A N/A;5988;2561;3327;8304;21,29604536;16,50197078;2,388058382;19440;2,824179876;21,88526396;
KMI UN Equity;39362506802;72640,5068;3027,893646;16610;#N/A N/A;5188;2916;5051;32180;24,79627084;14,38141097;2,367982176;16610;4,373299627;13,33420431;
KMX UN Equity;17973950703;21247,7227;813,6038161;18950,149;#N/A N/A;2379,125;1043,16;1342,641;15524,266;13,09967581;11,02752959;0,615759388;29377,974;0,723253506;15,33379285;
KO UN Equity;2,63528E+11;292320,8286;8892,001128;33014;#N/A N/A;19581;8997;10886;33501;26,63758234;23,35763712;6,955941897;37802;7,732946103;25,93123497;
KR UN Equity;32049790035;50439,79003;3002,766172;132498;#N/A N/A;30901;2780;6401;18900;21,42726849;9,707426874;0,241208529;135577;0,372037957;12,06223887;
L UN Equity;15134812020;24748,81202;#N/A N/A;12583;#N/A N/A;#N/A N/A;#N/A N/A;#N/A N/A;10132;8,55176642;#N/A N/A;1,075643377;14705;1,683020199;14,28795861;
LDOS UN Equity;12553355394;17732,35539;774,5787452;12297;#N/A N/A;1737;998;1438;4911;15,01469551;11,87699625;0,937606354;13498;1,31370243;16,08696583;
LEN UN Equity;28148496829;31948,48683;4445,536832;27130,676;#N/A N/A;7364,291;5109,388;5280,333;3620,133;6,247996692;6,050468186;1,084329001;27130,676;1,177577987;6,718018438;
LH UN Equity;25969152000;30288,752;1701,619265;13978,5;#N/A N/A;4952,8;2445,4;3285,5;5435,6;7,924636195;6,637757665;1,593360556;16554,6;1,829627536;9,385380186;
LHX UN Equity;41068028407;47956,02841;2059,926851;17814;#N/A N/A;5376;2109;3076;6888;22,73875221;15,59038635;2,364420925;17814;2,692041563;21,05546477;
LIN UN Equity;1,62163E+11;175604,0096;2587,216017;27243;#N/A N/A;11860;3322;8289;13306;37,55432198;18,74509069;5,568601119;29767;5,899284764;31,18660623;
LKQ UW Equity;15999951035;19414,74603;712,9481901;11628,83;#N/A N/A;4593,271;985,577;1592,499;3978,758;13,28367782;11,07452287;1,281927879;12856,399;1,510123172;15,3264085;
LLY UN Equity;2,34738E+11;248195,4073;6501,761594;24539,8;#N/A N/A;19056,5;6058;7381,9;12914;38,58759442;31,41157356;8,035131248;27758,5;8,941239884;29,81876758;
LMT UN Equity;1,05971E+11;115442,5763;6790,925166;67044;#N/A N/A;9061;9123;10762;9472;12,61943335;10,72687013;1,60425754;67044;1,721892732;11,92622764;
LNC UN Equity;12645993916;16654,99392;#N/A N/A;17439;#N/A N/A;#N/A N/A;#N/A N/A;#N/A N/A;5168;9,468444523;#N/A N/A;0,70976118;18761;0,887745531;8,351519391;
LNT UW Equity;14986596710;22557,59671;#N/A N/A;3416;#N/A N/A;2133;740;1355;7127;29,1065764;15,77454315;4,206669037;3559;6,338183959;24,04440004;
LOW UN Equity;1,59914E+11;184182,8953;6492,464789;89597;#N/A N/A;29572;9647;11900;21101;15,65116378;13,54485184;1,771183244;95221;1,934267602;20,50417782;
LRCX UW Equity;82751028000;82416,216;4094,989497;14626,15;#N/A N/A;6805,306;4482,023;4840,693;-563,758;15,78368805;14,87379183;5,066013188;16523,902;4,987696974;18,37468685;
LUMN UN Equity;12655331892;42170,33189;#N/A N/A;20712;#N/A N/A;11778;962;6376;33215;32,06869345;7,461134447;0,667296756;19965;2,112212967;6,561334763;
LUV UN Equity;26494335037;23271,33504;1294,801509;15790;#N/A N/A;#N/A N/A;1721;2993;-3223;13,06071568;7,775253938;1,677056542;15790;1,473802092;#N/A N/A;
LVS UN Equity;33462751138;46680,75114;#N/A N/A;4234;#N/A N/A;774;-689;352;11922;#N/A N/A;136,0954844;7,903448138;4234;11,02521283;#N/A N/A;
LW UN Equity;9323523156;11425,92316;406,0687237;3670,9;#N/A N/A;832;474,8;693,4;2103,3;30,54243025;20,32720718;2,41522165;3894,1;2,934162748;40,18617891;
LYB UN Equity;31920900000;43832,9;#N/A N/A;46173;#N/A N/A;8776;6773;8166;11782;6,415907588;5,36773206;0,698543116;46173;0,949318866;5,225518039;
LYV UN Equity;24602516271;27891,53027;#N/A N/A;1861,178;#N/A N/A;458,778;-1653,192;-939,618;3923,545;#N/A N/A;#N/A N/A;6,229877008;3802,66;7,334742068;#N/A N/A;
MA UN Equity;3,78652E+11;384759,4;9050,257689;18884;#N/A N/A;#N/A N/A;10082;10808;6007;38,08075506;35,59950037;20,20688285;18884;20,37488879;45,97905832;
MAA UN Equity;23796788598;28556,0966;#N/A N/A;1677,984;#N/A N/A;#N/A N/A;427,513;939,191;4569,254;64,55309992;29,41549984;13,6095255;1738,168;16,42884727;77,17146219;
MAR UW Equity;52474061072;62387,06107;#N/A N/A;10571;#N/A N/A;1459;84;719;10469;63,20877515;47,33464421;4,547454827;11583;5,386088325;67,69082162;
MAS UN Equity;15458060932;17971,06093;1333,750663;7188;#N/A N/A;2587;1295;1475;1657;12,02882258;10,94461689;1,955133459;8213;2,18812382;18,07288794;
MCD UN Equity;1,93873E+11;237807,226;8525,392395;23222,9;#N/A N/A;15175,6;10356;10554,7;43934,4;21,86405323;#N/A N/A;8,355034146;23222,9;10,24020368;28,07651401;
MCHP UW Equity;42991382766;50971,48277;#N/A N/A;5438,4;#N/A N/A;3378,8;998,1;2214,5;8787,3;38,07535876;20,69403709;8,042599838;6038,4;8,441223299;54,23522136;
MCK UN Equity;39196565656;45467,56566;#N/A N/A;238228;#N/A N/A;12148;-5040;-3724;3127;#N/A N/A;#N/A N/A;0,160633314;250991;0,181152175;12,26900575;
MCO UN Equity;63763700000;68210,7;1950,199192;5371;#N/A N/A;#N/A N/A;2388;2699;2717;24,43253744;22,00345161;10,73693578;5969;11,42749204;30,38925804;
MDLZ UW Equity;93504982008;109983,982;4625,249027;28720;#N/A N/A;11254;4653;5766;16425;23,53677965;19,07457198;3,275174473;28720;3,829525836;23,0610703;
MDT UN Equity;1,39148E+11;154270,2851;4468,066752;30117;#N/A N/A;19634;4484;7402;16587;29,07468622;19,25009796;4,380294737;31797;4,851724536;23,37463353;
MET UN Equity;56408202543;59957,20254;6121,109138;67842;#N/A N/A;#N/A N/A;#N/A N/A;#N/A N/A;669;7,579924468;#N/A N/A;0,838306062;70409;0,851555945;7,969031477;
MGM UN Equity;20033964493;43924,87049;#N/A N/A;5162,082;#N/A N/A;1709,371;-642,434;1319,124;15777,2;19,7079063;12,56082273;2,566568248;8116,784;5,411610127;#N/A N/A;
MHK UN Equity;10692909726;12266,62773;561,8209863;9552,197;#N/A N/A;2430,69;636,002;1369,928;1772,667;8,988871638;5,879667928;0,993468605;11081,64;1,106932523;10,19038634;
MKC UN Equity;26826731258;31912,63126;862,5152936;6317,9;#N/A N/A;2494,6;1015,1;1246,4;5071,4;31,35540187;25,60384408;4,244030408;6317,9;5,051145358;31,51254158;
MKTX UW Equity;13099362864;12644,97486;258,5382748;698,951;#N/A N/A;#N/A N/A;337,235;390,682;-454,388;36,77660853;32,36641274;18,48529211;698,951;18,091361;50,88331034;
MLM UN Equity;24274041426;27437,64143;816,7628584;4729,9;#N/A N/A;1252,8;1005,4;1477,9;2902;27,32016472;19,24638147;4,76037192;5097,2;5,382885001;33,50671328;
MMC UN Equity;77572124186;88982,12419;3477,89924;19820;#N/A N/A;#N/A N/A;4312;5059;11410;20,32181797;17,5888761;3,928205723;19820;4,489511816;24,28821713;
MMM UN Equity;95669490354;108530,4904;5809,107585;35355;#N/A N/A;16560;7369;9420;12861;14,68686791;#N/A N/A;2,718984903;35355;3,069735267;16,42737903;
MNST UW Equity;45886944053;42970,03505;#N/A N/A;4598,638;#N/A N/A;2723,88;1633,153;1698,763;-2040,431;24,03770248;23,2622663;8,626717617;5312,607;8,088314278;34,12912917;
MO UN Equity;93465991263;116965,9913;5257,601161;21111;#N/A N/A;13992;11560;11876;23500;10,11816533;9,848938301;4,446368823;21111;5,540523484;11,04161897;
MOS UN Equity;14797896599;18247,5966;#N/A N/A;8681,7;#N/A N/A;1064,9;412,9;1342,2;4177,7;10,17372692;7,016147569;1,381628912;10973,8;1,662832984;11,59064589;
MPC UN Equity;44168416112;67388,41611;#N/A N/A;69779;#N/A N/A;3;-11312;-7279;32680;24,96792001;11,04909266;0,450812353;102619;0,656685566;56,39987234;
MPWR UW Equity;18572252490;17835,99449;#N/A N/A;844,452;#N/A N/A;465,954;158,882;182,535;-592,014;79,65583168;69,69744551;16,65209309;1104,337;16,150862;87,87277838;
MRK UN Equity;2,05814E+11;222307,9119;7736,450802;47994;#N/A N/A;32509;7905;11876;25391;30,90614652;21,22068651;4,199961211;49150;4,52305009;13,80768;
MRNA UW Equity;68654768407;60331,76841;#N/A N/A;803,395;#N/A N/A;795,462;-763,144;-714,954;-4370,013;7,926956987;7,762041092;5,757253667;11830,745;5,099574744;10,38430844;
MRO UN Equity;15158113385;18769,11338;#N/A N/A;3122;#N/A N/A;51;-1019;1372;4799;147,7882944;8,539178064;3,262956415;4709;3,985796004;31,09557908;
MS UN Equity;1,81701E+11;265557,88;#N/A N/A;61121;59755;#N/A N/A;21034;22793;75001;13,50202766;10,61509693;2,995070997;61121;4,344789516;12,46761671;
MSCI UN Equity;44201332310;46941,30531;861,0164336;2043,544;#N/A N/A;1684,86;1072,725;1182,218;2739,973;43,40485162;39,70613314;21,64546459;2043,544;22,9705381;57,11366699;
MSFT UW Equity;2,33138E+12;2286359,522;63292,62761;168088;#N/A N/A;115856;69916;83729;-48056;28,98697452;24,37509485;12,64771412;184903;12,36518348;35,64035754;
MSI UN Equity;39174083367;43675,08337;1138,138842;7414;#N/A N/A;3608;1383;1917;4449;25,84674997;19,55892672;4,836441784;8124;5,376056544;31,01937614;
MTB UN Equity;21796591958;#N/A N/A;#N/A N/A;6105,778;5991,772;#N/A N/A;#N/A N/A;#N/A N/A;-39677,466;#N/A N/A;#N/A N/A;3,570167051;6105,778;#N/A N/A;12,09849746;
MTCH UW Equity;31903714662;35237,30166;293,5595218;2391,269;#N/A N/A;1755,436;745,715;815,974;2886,174;42,33502213;39,60417703;10,80046516;2828,614;12,45744441;57,78971361;
MTD UN Equity;33850514405;35359,94941;633,8249256;3085,177;#N/A N/A;1801,031;773,527;906,795;1339,283;36,6481692;33,04106162;9,486124414;3618,676;9,771515716;45,72270244;
MU UW Equity;92124062840;88330,06284;6060,503377;27705;#N/A N/A;10423;6283;12605;-3063;10,97540542;6,068292308;3,113219033;29619;2,982209488;11,4757725;
NCLH UN Equity;8683845966;19856,71497;#N/A N/A;1279,908;#N/A N/A;-413,153;-3484,135;-2726,726;8708,751;#N/A N/A;#N/A N/A;44,55359971;170,128;116,7163252;#N/A N/A;
NDAQ UW Equity;29967855516;35592,85552;1283,72425;3420;#N/A N/A;#N/A N/A;1441;1719;5615;24,40596607;20,70555876;8,692739135;3420;10,40726769;26,87748417;
NEE UN Equity;1,53282E+11;215937,1498;4703,8;17069;#N/A N/A;12542;2913;7125;54188;73,62850139;30,30696839;8,997872868;17069;12,65083776;31,83005828;
NEM UN Equity;48779117546;50802,11755;3068,011136;11497;#N/A N/A;6483;2806;5127;980;17,85035754;9,874075325;4,010891029;12213;4,159675554;18,98063651;
NFLX UW Equity;1,89634E+11;201723,1675;5786,950157;29697,844;#N/A N/A;12365,161;6194,509;6792,726;12088,766;32,16836902;29,69693868;6,373869033;29697,844;6,792518929;39,7251488;
NI UN Equity;11459122533;22835,72253;#N/A N/A;4681,7;#N/A N/A;3572,4;550,8;1297;9660,7;24,27782536;13,55798999;2,428850571;4702;4,856597731;21,33717883;
NKE UN Equity;2,34142E+11;231762,3911;5981,495121;44538;#N/A N/A;19962;6937;8270;-663;32,32841276;29,29992302;5,053473784;46306;5,005018595;38,61853959;
NLOK UW Equity;15134137478;17553,13748;668,9357798;2551;#N/A N/A;2189;896;1063;2742;15,65945225;13,8650375;5,649468575;2689;6,527756593;20,30985628;
NLSN UN Equity;6769371556;12491,37156;29,09459459;6290;#N/A N/A;3530;466;1453;8169;14,35186726;7,5567886;1,578627605;4278;2,9199092;14,80895244;
NOC UN Equity;57742105387;68579,10539;7440,755203;35667;#N/A N/A;7268;5651;6890;10837;12,01758596;9,953426036;1,662690656;35667;1,922760686;16,91060921;
NOW UN Equity;1,1657E+11;115480,22;255,8634538;5896;#N/A N/A;4543;257;729;-1090;422,5543324;158,4090809;19,68120869;5895;19,58619742;478,09099;
NRG UN Equity;9776407334;18314,40733;778,738502;9093;#N/A N/A;2553;1105;1747;5134;4,814512969;3,92675972;0,444944334;21970;0,833609801;15,56069971;
NSC UN Equity;65321877252;78322,87725;3505,575039;11142;#N/A N/A;#N/A N/A;4447;5628;13001;17,54547689;13,91664486;6,033254745;11142;7,029516896;22,95707555;
NTAP UW Equity;19229247374;17588,24737;786,1538462;5744;#N/A N/A;3815;1031;1293;-1844;14,00338167;11,66329401;3,185554182;6049;2,907628926;22,61899869;
NTRS UW Equity;24221607850;#N/A N/A;#N/A N/A;6488,3;6464,5;#N/A N/A;#N/A N/A;#N/A N/A;-66120,6;#N/A N/A;#N/A N/A;3,740504618;6488,3;#N/A N/A;16,3590462;
NUE UN Equity;28980005824;32634,35882;#N/A N/A;36483,939;#N/A N/A;11025,414;9256,644;10121,207;3066,948;3,524252295;3,224354449;0,809158052;36483,939;0,894485621;4,234439158;
NVDA UW Equity;6,1215E+11;604679;4512,786573;16675;#N/A N/A;10396;4532;5775;-3843;70,49183959;61,09720117;25,10862238;24274;24,91056274;73,81614505;
NVR UN Equity;18553359473;17444,29347;935,4174626;7536,923;#N/A N/A;1599,522;1109,975;1163,671;-1188,216;10,93358912;10,60729028;2,139757597;9064,699;1,924420598;17,23690474;
NWL UW Equity;9873534000;14953,534;#N/A N/A;9385;#N/A N/A;3079;-634;-97;5227;14,57459454;10,65825659;0,941891674;10473;1,427817626;13,41653343;
NWS UW Equity;13180936809;15506,93681;#N/A N/A;9358;#N/A N/A;4527;425;1277;1336;26,55297399;12,25844807;1,349530608;9743;1,591597743;23,75005182;
NWSA UW Equity;13180936809;15506,93681;#N/A N/A;9358;#N/A N/A;4527;425;1277;1336;26,55297399;12,25844807;1,349530608;9743;1,591597743;23,75005182;
NXPI UW Equity;54633326675;62617,32667;2223,717431;11063;#N/A N/A;6067;2583;3845;7742;24,17540724;16,28539055;5,017699734;11063;5,660067493;25,71503061;
O UN Equity;39273072278;48189,45328;#N/A N/A;1651,625;#N/A N/A;#N/A N/A;649,537;1326,575;8113,847;60,81608985;31,45470235;14,26111096;1817,037;26,52089819;46,09084675;
ODFL UW Equity;34725323162;34260,60616;674,7581882;4015,129;#N/A N/A;1228,598;906,882;1184,149;-525,473;26,90455191;22,36873692;7,128044405;4919,359;6,964445197;37,31232064;
OGN UN Equity;8090781425;16668,78143;2164,835821;8096;#N/A N/A;4749;2709;2915;21;#N/A N/A;#N/A N/A;#N/A N/A;#N/A N/A;#N/A N/A;#N/A N/A;
OKE UN Equity;27059439138;41104,55114;1157,311362;8542,242;#N/A N/A;1967,23;1361,357;1957,181;13814,948;16,55602391;13,24250533;1,977424988;13690,395;3,002437193;18,99372102;
OMC UN Equity;16018410218;18612,91022;1107,126871;13171,1;#N/A N/A;#N/A N/A;1598,8;2124,1;1719,3;8,498657695;7,749567082;1,142489261;14190,5;1,311645835;11,89951551;
ORCL UN Equity;2,16733E+11;272769,4785;#N/A N/A;40479;#N/A N/A;32624;15213;18770;40455;24,74772986;19,45296523;5,497051137;41400;6,588634747;19,5263216;
ORLY UW Equity;43913869593;49356,61559;1876,878769;11604,493;#N/A N/A;6085,692;2419,336;3065,337;5699,046;17,78258563;14,35117834;3,549392328;12864,843;3,83655017;22,58316008;
OTIS UN Equity;36288012680;42973,01268;#N/A N/A;14298;#N/A N/A;4193;2108;2311;6044;20,23811803;18,59498601;2,554214299;14298;3,005526135;28,63297417;
OXY UN Equity;35183063554;75491,06355;#N/A N/A;17809;#N/A N/A;622;-14346;-5690;35333;98,55230229;8,269368338;1,584774714;22203;3,400038894;112,8919096;
PAYC UN Equity;20126657111;19925,32111;143,4676588;841,434;#N/A N/A;717,888;186,123;250,796;-92,92;90,08319217;70,22337585;19,54624011;991,485;20,09644232;114,2730515;
PAYX UW Equity;42482743142;42363,64314;1124,895412;4056,8;#N/A N/A;2785,6;1460,7;1658,1;-105,9;24,83797089;22,37083125;9,796491633;4332,3;9,77855715;33,65174337;
PBCT UW Equity;8293089600;#N/A N/A;#N/A N/A;1994,9;1892,7;#N/A N/A;#N/A N/A;#N/A N/A;-8638,7;#N/A N/A;#N/A N/A;4,09675778;1994,9;#N/A N/A;13,11107146;
PCAR UW Equity;32295427000;27482,427;1427,229724;23522,3;#N/A N/A;3291,9;2290,5;3193,8;-4813;11,99558062;8,60493049;1,374862976;23522,3;1,168356283;17,52046966;
PEAK UN Equity;19066984528;25263,76153;#N/A N/A;1644,875;#N/A N/A;#N/A N/A;153,897;882,009;6433,648;83,85587145;25,75128485;10,33029383;1844,676;13,69550074;#N/A N/A;
PEG UN Equity;33641804098;51806,8041;2401,740548;9603;#N/A N/A;6547;2270;3793;16986;#N/A N/A;389,5248428;3,697741441;9068;5,713145578;17,82788621;
PENN UW Equity;7731552149;16625,95215;#N/A N/A;3578,7;#N/A N/A;1710,7;-410,2;-11,4;9303,7;17,44407948;12,50635787;1,325472878;5359,9;3,101914616;16,23504349;
PEP UW Equity;2,39918E+11;274442,9387;8012,424744;70372;#N/A N/A;38575;10080;13167;36292;24,01916144;19,45575916;3,130387844;76681;3,579021383;27,99128261;
PFE UN Equity;2,95742E+11;306199,941;10972,80672;41908;#N/A N/A;33216;8166;13336;29050;17,96315505;13,91438431;4,250005752;69337;4,416111759;15,42895321;
PFG UW Equity;19365971971;20976,37197;1531,184854;14741,7;#N/A N/A;#N/A N/A;#N/A N/A;#N/A N/A;1745,5;9,410242686;#N/A N/A;1,424744568;13936,7;1,505117565;11,4346347;
PG UN Equity;3,84609E+11;408718,1925;14715,00959;76118;#N/A N/A;39010;17986;20966;22550;23,33399135;20,12993462;5,039739816;78346;5,21683548;28,10775456;
PGR UN Equity;63500904000;68622,404;3524,8921;47676,5;#N/A N/A;#N/A N/A;#N/A N/A;#N/A N/A;5498,6;15,49528158;#N/A N/A;1,333259698;47676,5;1,439333928;29,93205475;
PH UN Equity;39840920580;45903,49258;1940,486513;14347,64;#N/A N/A;3897,96;2370,658;3014,219;5946,741;18,11362439;14,68128604;2,68773977;14879,909;3,084931002;21,95405376;
PHM UN Equity;13340352794;14405,38779;1410,296091;13926,882;#N/A N/A;2778,152;1746,52;1834,401;673,283;6,394740781;6,159409959;0,977536278;13926,883;1,034358355;7,304995656;
PKG UN Equity;14308459083;15882,15908;529,1262842;7730,3;#N/A N/A;1873;1241,4;1658,9;1615;12,79374825;10,68067188;1,834433456;7730,3;2,054533341;16,06236553;
PKI UN Equity;21727887057;26529,08106;767,8215161;3782,745;#N/A N/A;2109,877;978,581;1282,065;1815,191;17,3111183;14,47785736;3,837113626;5057,45;5,2455449;15,68217443;
PLD UN Equity;1,16007E+11;137481,0523;#N/A N/A;4759,44;#N/A N/A;#N/A N/A;1617,409;3195,351;17158,937;85,00079589;43,02533658;24,36162791;4759,44;28,88597236;75,89484839;
PM UN Equity;1,6012E+11;186652,7269;8626,010773;28694;#N/A N/A;19125;11668;12886;24963;14,43228384;13,40510822;5,211103704;30745;6,070994532;16,99729704;
PNC UN Equity;86515800000;#N/A N/A;#N/A N/A;19698;19211;#N/A N/A;#N/A N/A;#N/A N/A;-51470;#N/A N/A;#N/A N/A;4,451802993;19698;#N/A N/A;14,75917556;
PNR UN Equity;10540962550;11149,46255;#N/A N/A;3764,8;#N/A N/A;1319,2;636,9;568;844,7;17,50582909;16,28609779;2,805051437;3764,8;2,961501952;19,00675553;
PNW UN Equity;7853318269;15596,28227;751,9171341;3586,982;#N/A N/A;2593,563;788,152;1561,781;6859,419;19,8390394;9,733277251;2,097248635;3745,939;4,163517417;14,01471023;
POOL UW Equity;19091896189;19595,04119;#N/A N/A;3936,623;#N/A N/A;1130,902;464,027;556,566;589,711;25,14622017;24,22793024;3,749797377;5099,287;3,842702164;33,66088347;
PPG UN Equity;37082013239;42783,01324;1535,066667;16802;#N/A N/A;6516;1736;2297;5701;24,36684454;18,62560437;2,209164192;16802;2,546304799;24,93546582;
PPL UN Equity;22281247971;28653,24797;2215,052258;7607;#N/A N/A;6341;2803;4192;24175;15,74354284;9,509873207;3,664269985;6227;4,601453023;29,25189877;
PRU UN Equity;42173460000;56735,46;#N/A N/A;57033;#N/A N/A;#N/A N/A;#N/A N/A;#N/A N/A;18347;5,153552548;#N/A N/A;0,62711013;69586;0,815328658;12,22487053;
PSA UN Equity;62869870397;71719,7574;#N/A N/A;2915,068;#N/A N/A;#N/A N/A;1411,15;1964,407;2287,432;44,50585267;31,72018799;19,33536309;3240,044;22,13542699;43,25288513;
PSX UN Equity;37152458804;51623,4588;1849,249425;111476;#N/A N/A;7359;-1036;569;14601;#N/A N/A;#N/A N/A;0,334729062;111476;0,463090341;13,73435038;
PTC UW Equity;13703787443;15053,70844;#N/A N/A;1807,159;#N/A N/A;1436,057;380,748;498,844;1321,738;42,69501837;32,32983436;7,414131928;1835,83;8,199946859;24,70722116;
PVH UN Equity;6648575101;9696,375101;#N/A N/A;7132,6;#N/A N/A;3776,8;-1067,1;-264,8;3768,7;11,27354389;8,224934347;0,769930744;8814,8;1,100010789;12,21786168;
PWR UN Equity;14637526042;16139,28004;481,2031986;11202,672;#N/A N/A;1660,847;600,068;1018,7;1268,394;23,33292421;14,38538512;1,203812561;11968,86;1,348439203;26,04965137;
PXD UN Equity;53438425812;60121,42581;#N/A N/A;7068;#N/A N/A;863;-65;1725;2624;33,03375045;14,8778584;3,702707903;12878;4,668537491;22,87208325;
PYPL UW Equity;2,02017E+11;197425,4938;4375,389536;21454;#N/A N/A;#N/A N/A;3289;4638;-3358;47,28754342;35,38091286;8,21073869;24569;8,035552679;50,17473977;
QCOM UW Equity;1,97744E+11;201629,3302;9535,022289;33566;#N/A N/A;19304;9789;11574;3885;20,59754114;17,42088563;5,92307775;33566;6,006951387;23,41040963;
QRVO UW Equity;15131444603;15724,3696;801,9382808;4015,307;#N/A N/A;1883,566;906,627;1380,113;418,002;12,56207961;9,577547503;3,418024124;4533,163;3,468741275;13,26960791;
RCL UN Equity;19825197995;38018,948;#N/A N/A;2208,805;#N/A N/A;1889,842;-4601,557;-3231,028;16311,122;#N/A N/A;#N/A N/A;33,55455674;584,025;65,09815161;#N/A N/A;
RE UN Equity;11157181968;11999,68897;546,0559093;9598,114;#N/A N/A;#N/A N/A;#N/A N/A;#N/A N/A;1274,033;9,783014427;#N/A N/A;0,980685967;11507,285;1,042790629;16,13921927;
REG UW Equity;12296428828;15974,53583;#N/A N/A;1016,175;#N/A N/A;#N/A N/A;137,427;501,377;3767,401;39,81460641;22,34522711;10,82043871;1127,697;14,16562767;39,92236977;
REGN UW Equity;65449605325;56729,30532;3565,661967;8497,1;#N/A N/A;7377,2;3576,6;3812,5;-4026,9;7,590118586;7,322272388;4,738710344;13542,9;4,1888595;10,48537534;
RF UN Equity;21868303372;#N/A N/A;#N/A N/A;6605;6438;#N/A N/A;#N/A N/A;#N/A N/A;-27004;#N/A N/A;#N/A N/A;3,319273458;6605;#N/A N/A;9,10826026;
RHI UN Equity;12609258905;11990,25791;#N/A N/A;6461,444;#N/A N/A;2696,028;803,583;858,034;-619,001;14,78327825;13,97410581;1,935515554;6461,444;1,85566228;21,17009386;
RJF UN Equity;21978304342;18153,30434;#N/A N/A;9910;9760;#N/A N/A;1941;2185;-3883;10,05767391;8,30814844;2,084049875;10468;1,831816785;13,76597428;
RL UN Equity;8159712381;8585,612381;#N/A N/A;4400,8;#N/A N/A;2861,4;-43,6;525,7;453,8;13,9105839;10,0687374;1,459793758;5600,2;1,533090315;14,01309174;
RMD UN Equity;33429148178;34071,53318;487,3865095;3196,825;#N/A N/A;1839,1;903,678;1095,936;498,437;34,92055667;30,09081876;9,671884205;3443,759;9,893704286;43,51556369;
ROK UN Equity;33606242983;37838,94298;1441,425108;6997,4;#N/A N/A;2897,7;1217,7;1517,3;3715;30,33424963;26,05808345;4,615195664;7289,4;5,190954397;26,95524315;
ROL UN Equity;15179701932;15477,16093;#N/A N/A;2424,3;#N/A N/A;1261,683;439,989;534,194;297,459;34,53477007;28,9729217;6,261228637;2424,3;6,38417726;46,36072155;
ROP UN Equity;46113778884;54090,37888;1121,608815;5527,1;#N/A N/A;3543;1431,1;2020,4;9542,5;33,74953446;24,12164595;7,555030518;6084,3;8,890156449;42,18473254;
ROST UW Equity;34537981596;34966,4976;156,1185255;12531,565;#N/A N/A;2692,991;189,71;1223,294;913,506;15,584128;13,4387496;1,898308284;18145,266;1,927031414;21,77060134;
RSG UN Equity;40480321530;49977,82153;1268,932528;10153,6;#N/A N/A;4053,1;1709,1;2911,9;9136,1;24,89927338;15,40813341;3,732676023;10916,4;4,578232891;31,25295397;
RTX UN Equity;1,34994E+11;161935,3846;4975,273575;64388;#N/A N/A;12491;4958;9515;25310;32,32431602;17,01895791;2,102662121;64388;2,514993237;20,53664477;
SBAC UW Equity;35401805473;49327,51547;#N/A N/A;2083,138;#N/A N/A;1606,61;633,694;1616,283;13117,636;65,75082139;33,76589498;15,88157163;2249,477;21,92843735;105,2900288;
SBNY UW Equity;19060495303;#N/A N/A;#N/A N/A;2311,273;2001,416;#N/A N/A;#N/A N/A;#N/A N/A;-26006,538;#N/A N/A;#N/A N/A;7,63428983;2311,272;#N/A N/A;20,26813073;
SBUX UW Equity;1,13512E+11;130506,2697;4567,666208;29060,6;#N/A N/A;8391;4872,1;7975,4;16987,2;25,084335;16,36360179;3,992506117;29060,6;4,490831907;30,4372066;
SCHW UN Equity;1,65806E+11;126605,6156;#N/A N/A;18996;18520;#N/A N/A;8189;9353;-39200;16,36351569;13,53636433;8,711827807;18996;6,664856581;28,20388125;
SEDG UW Equity;12511199816;12033,54882;144,8917717;1459,271;#N/A N/A;461,359;142,561;187,136;-514,072;66,65752025;55,2291532;7,046727487;1770,057;6,798396219;88,31559059;
SEE UN Equity;10062804422;13554,30442;645,6097732;4903,2;#N/A N/A;1609,3;788,1;993,4;3300,2;16,4994576;13,12130147;1,938766912;5343,2;2,536739112;21,5044906;
SHW UN Equity;75121832116;86451,53212;2141,912532;19944,6;#N/A N/A;8542,7;2558,9;3131,5;11329,7;33,00328172;27,60706758;3,770624791;19944,6;4,334583402;38,29227084;
SIVB UW Equity;34303231049;#N/A N/A;#N/A N/A;6027;5917;#N/A N/A;#N/A N/A;#N/A N/A;-11540;#N/A N/A;#N/A N/A;5,39598967;6026,926;#N/A N/A;17,5185697;
SJM UN Equity;15233700905;19846,30091;1008,728304;8002,7;#N/A N/A;3138,7;1386,8;1881;4575,6;16,31962906;11,58096569;1,946827867;7904,9;2,51063276;13,07237452;
SLB UN Equity;54830122433;66982,12243;2318,738837;22929;#N/A N/A;3658;2765;6085;11870;23,97967357;11,00774403;2,386174792;22929;2,92128407;29,48774918;
SNA UN Equity;11148658960;11697,45896;668,7737069;3942,2;#N/A N/A;1997,1;880,5;1001,8;590,6;10,54965635;9,674517377;2,460687004;4574,3;2,557212898;14,1668305;
SNPS UW Equity;47642603328;46732,38733;760,6756571;4204,193;#N/A N/A;3342,416;734,79;1097,012;-914,022;62,65505714;42,59970477;11,27811805;4204,193;11,11566175;73,82872686;
SO UN Equity;73645775165;130965,7752;4750,293764;20375;#N/A N/A;15310;4885;9099;49976;27,5253836;14,76336097;3,279304774;22463;5,830288704;20,03065213;
SPG UN Equity;48372740794;75117,22679;#N/A N/A;4607,503;#N/A N/A;#N/A N/A;1971,809;3357,458;26227,24;32,53670033;20,64703773;9,741678106;4922,08;15,2612771;25,82786412;
SPGI UN Equity;1,00068E+11;102142,02;2449,685874;7442;#N/A N/A;5350;3617;3961;637;25,70257172;23,79823392;12,37569796;8076;12,6476003;32,07021503;
SRE UN Equity;43530195406;69666,19541;4833,228341;11370;#N/A N/A;8982;2522;4280;23680;76,22122036;25,66919506;3,441211685;12184;5,717842696;17,11492427;
STE UN Equity;22445161649;25715,11065;425,91147;3107,519;#N/A N/A;1343,1;548,368;798,692;1582,456;60,91967982;30,79690852;5,28689457;3847,862;6,682960732;34,97858869;
STT UN Equity;34551956849;#N/A N/A;#N/A N/A;12030;12027;#N/A N/A;#N/A N/A;#N/A N/A;-97823;#N/A N/A;#N/A N/A;2,768334686;12030;#N/A N/A;12,22602861;
STX UW Equity;23454957024;27780,95702;1528,451039;10681;#N/A N/A;2917;1492;1904;3984;13,4924512;11,19748369;2,028638548;11975;2,319912904;13,7516383;
STZ UN Equity;45098508701;55377,8087;2306,177773;8614,9;#N/A N/A;4466;2791,1;3189,6;10521,6;25,01821039;21,76800656;5,249895855;8671,2;6,386406576;28,10756134;
SWK UN Equity;28473750301;33803,7503;1449,610071;15617,2;#N/A N/A;5194,2;1472,1;2204,8;3400,3;14,96933412;11,2935154;1,647827241;16829,5;2,008600986;16,44753978;
SWKS UW Equity;24232540310;25618,44031;1510,858466;5109,1;#N/A N/A;2512,4;1612,7;2083,3;1385,9;15,83120578;12,2970481;4,737394526;5109,1;5,014276548;15,87504398;
SYF UN Equity;22436412000;29340,412;#N/A N/A;15752;10192;#N/A N/A;11063;7490;6170;5,331712157;#N/A N/A;1,523213895;15752;1,862646775;5,81036837;
SYK UN Equity;93574371582;103027,3716;1856,771238;17108;#N/A N/A;10968;2584;3574;9453;39,70915093;28,82690867;5,464980983;17108;6,022175098;31,79367234;
SYY UN Equity;40064093205;49955,35321;1313,252344;51297,843;#N/A N/A;9356,749;1437,242;2306,661;8813,124;30,28799506;20,87381209;0,714350516;55977,01;0,892426252;41,22561755;
T UN Equity;1,82096E+11;378405,5;25568,1205;168864;#N/A N/A;89057;23347;46209;178787;15,51326876;8,188999978;1,082411366;168864;2,240889118;7,693909139;
TAP UN Equity;10449916829;17442,31683;#N/A N/A;9654;#N/A N/A;3768,3;-408,9;584,5;7611,7;2603,33087;21,32312571;1,039220161;9954,8;1,752151407;13,12381848;
TDG UN Equity;34043820307;49459,82031;#N/A N/A;4798;#N/A N/A;2513;1691;1973;15410;29,14132374;25,06833264;7,383235038;4799;10,30842441;57,11479077;
TDY UN Equity;19661890822;23286,59082;415,4193102;4614,3;#N/A N/A;1841,4;624,3;937,5;3624,7;36,97270196;24,83903021;4,008077233;4614,3;5,046613966;34,83806065;
TECH UW Equity;14791139732;14940,95173;153,5531748;931,032;#N/A N/A;632,85;237,296;357,543;189;56,85769635;39,78757805;14,2752363;1029,575;14,51176625;60,17465913;
TEL UN Equity;46560512927;49689,51293;2314,103448;14923;#N/A N/A;4887;2434;3323;3341;18,6943239;14,45302877;3,09139604;15219;3,264965696;20,89651389;
TER UW Equity;19141599646;17825,89265;805,1924241;3702,881;#N/A N/A;2206,656;1208,72;1334,205;-1315,707;14,71036521;13,36068494;5,231210126;3702,882;4,814060362;21,30533123;
TFC UN Equity;83413526760;#N/A N/A;#N/A N/A;23064;22296;#N/A N/A;#N/A N/A;#N/A N/A;16882;#N/A N/A;#N/A N/A;3,642036476;23064;#N/A N/A;11,69006473;
TFX UN Equity;14530835041;16214,36104;397,7415408;2537,156;#N/A N/A;1324,874;423,068;681,02;2211,251;28,54093324;20,16558575;5,252072351;2758,828;5,877264201;22,99862356;
TGT UN Equity;1,05613E+11;115359,2852;5137,479986;93561;#N/A N/A;27384;6539;9341;6598;13,27953094;10,23051483;1,054416436;103348;1,116221748;16,90731844;
TJX UN Equity;85851458016;91881,23102;#N/A N/A;32136,962;#N/A N/A;7603,147;582,23;3273,384;4284,172;21,08084239;17,60720234;1,902152379;45638,824;2,01322521;30,63008133;
TMO UN Equity;2,2906E+11;238740,153;6862,941176;32218;#N/A N/A;16004;7794;10343;12220;22,60582833;18,26347559;5,872187881;39059;6,112295578;25,9577746;
TMUS UW Equity;1,3511E+11;238489,1202;5186,130312;68397;#N/A N/A;40131;6636;25225;96862;31,62566241;9,306166162;1,690528996;79674;2,993311748;24,79907025;
TPR UN Equity;10441663833;12165,96383;#N/A N/A;5746,3;#N/A N/A;4081,9;968;1515,2;1432,7;11,46866877;7,580039771;1,744073698;6055;2,009242582;11,82367513;
TRMB UW Equity;18112765350;19049,96535;466,6355949;3147,7;#N/A N/A;1754,9;419,8;655,4;1452,5;34,31807845;25,7780316;5,090022471;3562,8;5,346908429;33,70768843;
TROW UW Equity;35395356000;35110,856;#N/A N/A;7671,9;7671,9;#N/A N/A;3710;3914,8;-1523,1;9,450451476;8,96874834;4,560783432;7671,9;4,576552875;11,68099032;
TRV UN Equity;40082616000;46611,616;3941,291162;34816;#N/A N/A;#N/A N/A;#N/A N/A;#N/A N/A;6529;9,714801167;#N/A N/A;1,185867924;34816;1,338798713;11,90202528;
TSCO UW Equity;24846936058;27888,20006;1017,84164;12731,105;#N/A N/A;4477,153;1306,698;1576,856;3041,264;19,84848772;17,68595234;1,967735267;12731,105;2,190556127;25,24529165;
TSLA UW Equity;9,40715E+11;931235,9722;5849,115718;53823;#N/A N/A;13606;6523;9434;-10873;141,0537014;98,71061821;17,22942152;53823;17,30182212;191,8843226;
TSN UN Equity;33000457267;40495,45727;3371,097996;47049;#N/A N/A;6526;4396;5793;7364;9,189895261;6,990412095;0,628091662;47049;0,86070814;10,97703981;
TT UN Equity;41118204812;43801,10481;1613,575708;14136,4;#N/A N/A;4469,6;2023,3;2322,7;2682,9;21,49232398;18,85783993;2,933217219;14136,4;3,098462467;28,48411309;
TTWO UW Equity;18833067045;16774,93405;594,2786366;3372,772;#N/A N/A;1837,687;629,384;899,497;-2540,31;26,9477285;19,00919929;5,589699265;3371,864;4,9749735;63,44855626;
TWTR UN Equity;29993366186;28031,79719;#N/A N/A;3716,349;#N/A N/A;2349,961;26,658;713,595;-2988,102;#N/A N/A;233,9297103;6,2210919;4799,303;5,840805881;84,2589955;
TXN UW Equity;1,65849E+11;163850,76;7929,275367;18344;#N/A N/A;12376;8960;9914;-1998;18,26681292;16,52721001;9,031535741;18344;8,932117314;21,78715417;
TXT UN Equity;15002140269;16265,14027;852,1030928;12382;#N/A N/A;1557;1134;1524;1263;14,1778873;10,67266422;1,235687621;12382;1,313611716;20,56493366;
TYL UN Equity;19414584680;20606,44468;#N/A N/A;1116,663;#N/A N/A;542,512;172,926;261,107;-653,627;114,0247826;66,13001935;13,37287857;1442,035;14,28983671;113,9836337;
UA UN Equity;8197738460;8477,57846;#N/A N/A;4474,667;#N/A N/A;2160,095;-613,438;-301,054;488,17;#N/A Field Not Applicable;#N/A Field Not Applicable;#N/A Field Not Applicable;5558,027;#N/A Field Not Applicable;#N/A Field Not Applicable;
UAA UN Equity;8197738460;8477,57846;#N/A N/A;4474,667;#N/A N/A;2160,095;-613,438;-301,054;488,17;18,59097699;11,25960057;1,559755501;5558,027;1,525285584;23,16130245;
UAL UW Equity;13876429603;34836,4296;#N/A N/A;24634;#N/A N/A;#N/A N/A;-1022;1691;20960;#N/A N/A;20,60108197;0,561831002;24634;1,414160494;#N/A N/A;
UDR UN Equity;17574153782;24553,14778;#N/A N/A;1241,165;#N/A N/A;#N/A N/A;249,103;880,553;5170,731;105,7031383;29,064994;13,53006382;1244,943;19,72230679;917,425272;
UHS UN Equity;10453822605;14428,62661;1026,965794;11558,897;#N/A N/A;#N/A N/A;1358,354;1942,688;2969,86;9,85963316;6,840665872;0,87697364;12453,801;1,158572118;10,537703;
ULTA UW Equity;19685671727;20920,90473;180,1988216;6151,953;#N/A N/A;1949,159;236,82;838,508;850,75;16,62956288;11,54633303;2,48271113;8100,202;2,582763334;22,68949495;
UNH UN Equity;4,45091E+11;468620,6452;18604,36889;287597;#N/A N/A;69652;23970;27073;22096;19,44799531;17,30952038;1,555731602;287597;1,629435096;26,13772164;
UNP UN Equity;1,57215E+11;187367,2524;7413,199457;21804;#N/A N/A;#N/A N/A;9338;11546;30152;19,92932707;16,22789299;7,325835662;21804;8,59325135;24,8994277;
UPS UN Equity;1,75749E+11;190801,2342;13429,05755;97287;#N/A N/A;16823;12810;11093;21438;14,89470993;12,96380175;1,817206187;97287;1,961220247;16,66373349;
URI UN Equity;23183699268;33600,69927;1704,344529;9716;#N/A N/A;3853;2277;4510;10417;14,58284567;7,450265913;2,386082503;9716;3,458285227;21,31054495;
USB UN Equity;86353960000;#N/A N/A;#N/A N/A;23714;22721;#N/A N/A;#N/A N/A;#N/A N/A;15016;#N/A N/A;#N/A N/A;3,653900707;23714;#N/A N/A;11,40980365;
V UN Equity;4,89807E+11;496425,2863;12704,17332;24105;#N/A N/A;#N/A N/A;15804;16719;-852;29,66212275;28,30085436;17,21712297;25477;19,4852332;40,58768393;
VFC UN Equity;25360277705;30372,75571;513,3404713;9238,83;#N/A N/A;4868,05;607,631;1331,036;5947,133;19,07748935;13,29904984;2,198313986;11599,848;2,618375319;22,37151784;
VIAC UW Equity;21783407677;36706,40768;3277,726724;25285;#N/A N/A;10293;4139;4924;18638;7,78337737;6,728947328;0,769839924;27460;1,336722785;7,818076693;
VLO UN Equity;33921090977;43669,09098;1433,346727;113977;#N/A N/A;11263;2130;4535;9748;19,96018437;9,629347514;0,296506157;113977;0,383139502;30,68823506;
VMC UN Equity;25255093879;29699,79788;691,9605259;4856,826;#N/A N/A;1281,481;895,731;1348,344;2527,158;29,82374536;20,0624696;4,933167287;5121,017;5,799589784;42,16110446;
VNO UN Equity;7860837154;16895,23015;#N/A N/A;1527,951;#N/A N/A;#N/A N/A;-22,789;406,778;6175,522;#N/A N/A;49,88493745;5,083311066;1544,561;10,93853215;#N/A N/A;
VRSK UW Equity;31608580479;34735,88048;822,4438886;2784,6;#N/A N/A;1790,7;1038,1;1448,1;3305,4;32,85027471;23,32989487;10,79606199;2945,9;11,7912626;45,83517679;
VRSN UW Equity;24124014730;24713,50673;#N/A N/A;1265,052;#N/A N/A;1084,875;824,201;870,553;634,452;29,10213829;27,56059932;18,72640845;1307,552;18,90059189;40,40049145;
VRTX UW Equity;61856225000;54888,025;2394,853864;7574,4;#N/A N/A;6670,2;2782,1;2984,912;-6968,2;19,69213267;#N/A N/A;8,264905574;7574,439;7,246517876;21,29589278;
VTR UN Equity;21164305794;33669,69479;#N/A N/A;3795,357;#N/A N/A;#N/A N/A;561,628;1703,491;11692,002;71,02037566;20,85462934;5,358026216;3726,728;9,034653131;258,9170628;
VTRS UW Equity;18104619438;41034,11944;#N/A N/A;11946;#N/A N/A;3796,7;-210,8;2086;25277,5;#N/A N/A;10,59683378;0,969090823;17168,2;2,390123568;24,16523446;
VZ UN Equity;2,2346E+11;399878,54;24744,25663;133613;#N/A N/A;77312;32448;48654;175009;12,04347056;8,218821474;1,652457528;133613;2,992811628;9,830119639;
WAB UN Equity;16608388056;20589,08806;561,576005;7556,1;#N/A N/A;2137,1;744,5;1274,7;3935,5;26,6353015;15,60488711;2,155686893;7773,1;2,648761505;30,05238429;
WAT UN Equity;19538930432;20483,51543;563,4647673;2785,874;#N/A N/A;1629,341;821,707;953,387;944,585;24,82755793;21,48499553;7,06909356;2785,874;7,352635271;28,78095457;
WBA UW Equity;42956416064;85139,41606;3144,426065;132509;#N/A N/A;28067;3481;8589;33209;16,98729987;9,483116069;0,318882504;134972;0,630793172;9,137229275;
WDC UW Equity;16123369933;20900,36993;1109,722762;16922;#N/A N/A;4521;1220;2482;5592;8,337855882;5,922462435;0,843638343;18941;1,10344596;8,606784202;
WEC UN Equity;30609766888;45465,56689;1616,080186;7241,7;#N/A N/A;4922,2;1706,1;2687,4;14301,8;25,85327356;16,1672594;3,803220415;8047,5;5,649651058;22,81173453;
WELL UN Equity;37707832361;52926,71336;#N/A N/A;4605,967;#N/A N/A;#N/A N/A;529,885;1590,496;12671,94;84,57610782;32,57942743;7,990881114;4554,867;11,61981532;265,0824263;
WFC UN Equity;2,09056E+11;#N/A N/A;#N/A N/A;82407;78492;#N/A N/A;#N/A N/A;#N/A N/A;-105355;#N/A N/A;#N/A N/A;2,664481516;81938;#N/A N/A;10,68648538;
WHR UN Equity;12401210000;15555,21;1919,127787;21985;#N/A N/A;4409;2348;2842;2987;6,516308355;5,47333216;0,592892678;21985;0,707537412;7,782236103;
WM UN Equity;62931512747;75864,51275;1831,868991;15218;#N/A N/A;5877;2434;4245;13773;26,15115917;15,71995705;3,662359065;17320;4,380168172;31,85939563;
WMB UN Equity;36377992182;61281,99218;1048,747292;7719;#N/A N/A;6174;2202;3959;22391;27,70433643;15,18384345;3,844078757;9462;6,47664259;20,04359551;
WMT UN Equity;3,87816E+11;437784,9472;14827,01303;559151;#N/A N/A;138836;22548;36326;45505;17,13980688;12,05587385;0,686023995;571962;0,765409148;22,15689343;
WRB UN Equity;14937994500;16358,7285;1140,77217;9455,466;#N/A N/A;#N/A N/A;#N/A N/A;#N/A N/A;566,659;11,43898234;#N/A N/A;1,652702037;9455,468;1,730081314;16,95847281;
WRK UN Equity;12144155236;20793,25524;1163,305295;18746,1;#N/A N/A;3430,3;1281,2;2943,3;8627,7;16,01437883;7,064606134;0,654651113;18746,1;1,109204327;13,90180132;
WST UN Equity;29129625532;28757,22553;352,9185647;2146,9;#N/A N/A;767,8;406,9;528,8;-289,8;41,86758766;35,3369692;10,85370305;2681;10,72630568;48,28252747;
WTW UW Equity;29152842454;32617,84245;1182,008969;9352;#N/A N/A;#N/A N/A;1183;2113;4638;13,42298043;9,964717654;3,158898042;9613;3,393097103;23,20372532;
WY UN Equity;30213379430;33433,37943;2853,0769;10201;#N/A N/A;4098;3643;4120;3220;9,16506788;8,11489792;2,970663227;10201;3,277460977;12,1351174;
WYNN UW Equity;9882967213;18728,80021;#N/A N/A;2095,861;#N/A N/A;352,642;-1232,045;-476,969;9734,368;#N/A N/A;71,48015073;2,82213619;3396,535;5,514090158;#N/A N/A;
XEL UW Equity;37524140206;61645,14021;#N/A N/A;13431;#N/A N/A;7579;2203;4324;22079;27,98236051;13,409863;2,796740547;13431;4,589765483;23,53378502;
XLNX UW Equity;48074337648;45915,43965;694,077432;3147,599;#N/A N/A;2152,995;753,139;951,519;-1534,892;47,1938022;39,00152271;12,99889529;3676,422;12,48916464;49,27457868;
XOM UN Equity;3,21582E+11;380335,7371;#N/A N/A;285640;#N/A N/A;-17995;-30653;16909;68442;#N/A N/A;11,49814793;1,157386514;280352;1,356636432;14,27582317;
XRAY UW Equity;11677987329;13614,98733;#N/A N/A;3342;#N/A N/A;1657;-12;379;2017;22,57875179;14,30746882;2,75088483;4245;3,207299724;23,20112981;
XYL UN Equity;18937760065;20216,76007;322,6245614;4876;#N/A N/A;1830;367;695;1488;32,39865395;23,18435787;3,60808585;5245;3,854482377;39,90959979;
YUM UN Equity;36691470503;46943,4705;1385,247059;5652;#N/A N/A;4146;1503;1726;10915;22,15359627;20,57119654;5,819176831;6437;7,29275602;26,86024948;
ZBH UN Equity;25699863144;32289,66314;#N/A N/A;7024,5;#N/A N/A;4896,2;-87,8;1028,6;7617,2;34,288694;16,0853159;3,247562667;7883,6;4,095801809;24,94466867;
ZBRA UW Equity;27208131898;28012,1319;572,4;4448;#N/A N/A;2003;651;832;1236;28,38108602;24,02412684;4,974582343;5468;5,122920976;31,71158571;
ZION UW Equity;10283207500;#N/A N/A;#N/A N/A;2970;2911;#N/A N/A;#N/A N/A;#N/A N/A;-11056;#N/A N/A;#N/A N/A;3,649421096;2970;#N/A N/A;9,923564221;
ZTS UN Equity;94525807977;98005,80798;1827,336673;6675;#N/A N/A;4618;2244;2731;3798;36,59664226;31,43226683;12,459379;7616;12,86840966;43,4143166;
